molecule_chembl_id,target_chembl_id,target_pref_name,pchembl_value,standard_type,standard_relation,assay_type,assay_description,document_chembl_id,herb,compound_query,target_type,target_gene_symbol,all_component_genes,evidence_type,evidence_tier
CHEMBL514882,CHEMBL1287622,Lethal(3)malignant brain tumor-like protein 1,7.2,Potency,=,F,PUBCHEM_BIOASSAY: qHTS Assay for the Inhibitors of L3MBTL1. (Class of assay: confirmatory) [Related pubchem assays: 4852,CHEMBL1201862,杜仲,aucubin,SINGLE PROTEIN,L3MBTL1,L3MBTL1,experimental_ChEMBL_single_protein,T3_experimental_functional
CHEMBL284616,CHEMBL1900,Aldo-keto reductase family 1 member B1,6.52,IC50,=,B,Inhibition of human recombinant N-terminus His6-tagged AKR1B1 expressed in Escherichia coli BL21 DE3 assessed as pyridin,CHEMBL1938354,杜仲,chlorogenic acid,SINGLE PROTEIN,AKR1B1,AKR1B1,experimental_ChEMBL_single_protein,T2_experimental_binding
CHEMBL284616,CHEMBL5983,Aldo-keto reductase family 1 member B10,5.1,IC50,=,B,Inhibition of human recombinant N-terminus His6-tagged AKR1B10 expressed in Escherichia coli BL21 DE3 assessed as pyridi,CHEMBL1938354,杜仲,chlorogenic acid,SINGLE PROTEIN,AKR1B10,AKR1B10,experimental_ChEMBL_single_protein,T4_experimental_moderate
CHEMBL284616,CHEMBL1900,Aldo-keto reductase family 1 member B1,5.75,IC50,=,B,Inhibition of human recombinant aldose reductase using D-glyceraldehyde as substrate preincubated for 10 mins before sub,CHEMBL1938238,杜仲,chlorogenic acid,SINGLE PROTEIN,AKR1B1,AKR1B1,experimental_ChEMBL_single_protein,T4_experimental_moderate
CHEMBL284616,CHEMBL335,Tyrosine-protein phosphatase non-receptor type 1,7.0,IC50,=,B,Inhibition of PTP1B (unknown origin),CHEMBL4811318,杜仲,chlorogenic acid,SINGLE PROTEIN,PTPN1,PTPN1,experimental_ChEMBL_single_protein,T2_experimental_binding
CHEMBL284616,CHEMBL1900,Aldo-keto reductase family 1 member B1,5.09,IC50,=,B,Inhibition of recombinant human AKR1B1 incubated for 60 mins by colorimetric assay,CHEMBL6083246,杜仲,chlorogenic acid,SINGLE PROTEIN,AKR1B1,AKR1B1,experimental_ChEMBL_single_protein,T4_experimental_moderate
CHEMBL168,CHEMBL335,Tyrosine-protein phosphatase non-receptor type 1,5.41,IC50,=,B,Inhibition of human recombinant PTP1B,CHEMBL1147808,牛膝,oleanolic acid,SINGLE PROTEIN,PTPN1,PTPN1,experimental_ChEMBL_single_protein,T4_experimental_moderate
CHEMBL168,CHEMBL2392,DNA polymerase beta,5.06,IC50,=,B,Inhibition of DNA polymerase beta lyase activity,CHEMBL1151225,牛膝,oleanolic acid,SINGLE PROTEIN,POLB,POLB,experimental_ChEMBL_single_protein,T4_experimental_moderate
CHEMBL168,CHEMBL335,Tyrosine-protein phosphatase non-receptor type 1,5.12,IC50,=,B,Inhibition of human recombinant PTP1B after 30 mins,CHEMBL1140124,牛膝,oleanolic acid,SINGLE PROTEIN,PTPN1,PTPN1,experimental_ChEMBL_single_protein,T4_experimental_moderate
CHEMBL168,CHEMBL2392,DNA polymerase beta,5.06,IC50,=,B,Inhibition of DNA polymerase beta lyase activity by deoxyribose phosphate excision assay,CHEMBL1147248,牛膝,oleanolic acid,SINGLE PROTEIN,POLB,POLB,experimental_ChEMBL_single_protein,T4_experimental_moderate
CHEMBL168,CHEMBL335,Tyrosine-protein phosphatase non-receptor type 1,5.47,IC50,=,B,Inhibition of PTP1B by pNPP assay,CHEMBL1151785,牛膝,oleanolic acid,SINGLE PROTEIN,PTPN1,PTPN1,experimental_ChEMBL_single_protein,T4_experimental_moderate
CHEMBL168,CHEMBL3807,Tyrosine-protein phosphatase non-receptor type 2,5.47,IC50,=,B,Inhibition of TCPTP by pNPP assay,CHEMBL1151785,牛膝,oleanolic acid,SINGLE PROTEIN,PTPN2,PTPN2,experimental_ChEMBL_single_protein,T4_experimental_moderate
CHEMBL168,CHEMBL5409,G-protein coupled bile acid receptor 1,5.65,EC50,=,F,Agonist activity at TGR5 expressed in CHO cells by CRE-driven luciferase reporter gene assay,CHEMBL1156761,牛膝,oleanolic acid,SINGLE PROTEIN,GPBAR1,GPBAR1,experimental_ChEMBL_single_protein,T4_experimental_moderate
CHEMBL168,CHEMBL335,Tyrosine-protein phosphatase non-receptor type 1,5.38,IC50,=,B,Inhibition of GST-tagged human PTP1B,CHEMBL1154243,牛膝,oleanolic acid,SINGLE PROTEIN,PTPN1,PTPN1,experimental_ChEMBL_single_protein,T4_experimental_moderate
CHEMBL168,CHEMBL335,Tyrosine-protein phosphatase non-receptor type 1,5.42,IC50,=,B,Inhibition of GST-tagged human recombinant PTP1B assessed as dephosphorylation of para-nitrophenyl phosphate after 10 mi,CHEMBL1921699,牛膝,oleanolic acid,SINGLE PROTEIN,PTPN1,PTPN1,experimental_ChEMBL_single_protein,T4_experimental_moderate
CHEMBL168,CHEMBL335,Tyrosine-protein phosphatase non-receptor type 1,5.25,IC50,=,B,Inhibition of GST-tagged human recombinant PTP1B using para-nitrophenyl phosphate as substrate by spectrophotometric ana,CHEMBL2062412,牛膝,oleanolic acid,SINGLE PROTEIN,PTPN1,PTPN1,experimental_ChEMBL_single_protein,T4_experimental_moderate
CHEMBL168,CHEMBL335,Tyrosine-protein phosphatase non-receptor type 1,5.02,IC50,=,B,Inhibition of human recombinant PTP-1B expressed in Escherichia coli TB1 using p-nitrophenyl phosphate as substrate afte,CHEMBL2146451,牛膝,oleanolic acid,SINGLE PROTEIN,PTPN1,PTPN1,experimental_ChEMBL_single_protein,T4_experimental_moderate
CHEMBL168,CHEMBL335,Tyrosine-protein phosphatase non-receptor type 1,5.22,Ki,=,B,Mixed type inhibition of human recombinant PTP-1B expressed in Escherichia coli TB1 using p-nitrophenyl phosphate as sub,CHEMBL2146451,牛膝,oleanolic acid,SINGLE PROTEIN,PTPN1,PTPN1,experimental_ChEMBL_single_protein,T4_experimental_moderate
CHEMBL168,CHEMBL4426,Phospholipase A2,5.52,IC50,=,B,Inhibition of phospholipase A2,CHEMBL2163317,牛膝,oleanolic acid,SINGLE PROTEIN,PLA2G1B,PLA2G1B,experimental_ChEMBL_single_protein,T4_experimental_moderate
CHEMBL168,CHEMBL2392,DNA polymerase beta,5.52,IC50,=,B,Inhibition of DNA polymerase beta,CHEMBL2163317,牛膝,oleanolic acid,SINGLE PROTEIN,POLB,POLB,experimental_ChEMBL_single_protein,T4_experimental_moderate
CHEMBL168,CHEMBL5983,Aldo-keto reductase family 1 member B10,5.4,IC50,=,B,Inhibition of N-terminal 6His-tagged human AKR1B10 overexpressed in human HeLa cells assessed as inhibition of [1-14C]fa,CHEMBL2163317,牛膝,oleanolic acid,SINGLE PROTEIN,AKR1B10,AKR1B10,experimental_ChEMBL_single_protein,T4_experimental_moderate
CHEMBL168,CHEMBL5983,Aldo-keto reductase family 1 member B10,5.45,Ki,=,B,Competitive inhibition of dehydrogenase activity of N-terminal 6His-tagged human AKR1B10 W220Y mutant expressed in Esche,CHEMBL2163317,牛膝,oleanolic acid,SINGLE PROTEIN,AKR1B10,AKR1B10,experimental_ChEMBL_single_protein,T4_experimental_moderate
CHEMBL168,CHEMBL5983,Aldo-keto reductase family 1 member B10,6.18,Ki,=,B,Competitive inhibition of dehydrogenase activity of N-terminal 6His-tagged human AKR1B10 Q303S mutant expressed in Esche,CHEMBL2163317,牛膝,oleanolic acid,SINGLE PROTEIN,AKR1B10,AKR1B10,experimental_ChEMBL_single_protein,T2_experimental_binding
CHEMBL168,CHEMBL5983,Aldo-keto reductase family 1 member B10,6.03,Ki,=,B,Competitive inhibition of dehydrogenase activity of N-terminal 6His-tagged human AKR1B10 V301L mutant expressed in Esche,CHEMBL2163317,牛膝,oleanolic acid,SINGLE PROTEIN,AKR1B10,AKR1B10,experimental_ChEMBL_single_protein,T2_experimental_binding
CHEMBL168,CHEMBL5983,Aldo-keto reductase family 1 member B10,6.8,Ki,=,B,Competitive inhibition of dehydrogenase activity of N-terminal 6His-tagged human AKR1B10 K125L mutant expressed in Esche,CHEMBL2163317,牛膝,oleanolic acid,SINGLE PROTEIN,AKR1B10,AKR1B10,experimental_ChEMBL_single_protein,T2_experimental_binding
CHEMBL168,CHEMBL5983,Aldo-keto reductase family 1 member B10,7.14,Ki,=,B,Competitive inhibition of dehydrogenase activity of N-terminal 6His-tagged human AKR1B10 expressed in Escherichia coli B,CHEMBL2163317,牛膝,oleanolic acid,SINGLE PROTEIN,AKR1B10,AKR1B10,experimental_ChEMBL_single_protein,T1_experimental_high_affinity_binding
CHEMBL168,CHEMBL5983,Aldo-keto reductase family 1 member B10,7.05,IC50,=,B,Inhibition of reductase activity of N-terminal 6His-tagged human AKR1B10 expressed in Escherichia coli BL21(DE3) assesse,CHEMBL2163317,牛膝,oleanolic acid,SINGLE PROTEIN,AKR1B10,AKR1B10,experimental_ChEMBL_single_protein,T2_experimental_binding
CHEMBL168,CHEMBL335,Tyrosine-protein phosphatase non-receptor type 1,5.3,IC50,=,B,Inhibition of PTP1B (unknown origin),CHEMBL3045057,牛膝,oleanolic acid,SINGLE PROTEIN,PTPN1,PTPN1,experimental_ChEMBL_single_protein,T4_experimental_moderate
CHEMBL168,CHEMBL335,Tyrosine-protein phosphatase non-receptor type 1,5.47,IC50,=,B,Inhibition of PTP1B (unknown origin),CHEMBL3045057,牛膝,oleanolic acid,SINGLE PROTEIN,PTPN1,PTPN1,experimental_ChEMBL_single_protein,T4_experimental_moderate
CHEMBL168,CHEMBL335,Tyrosine-protein phosphatase non-receptor type 1,5.58,IC50,=,B,Inhibition of human PTP1B,CHEMBL2321710,牛膝,oleanolic acid,SINGLE PROTEIN,PTPN1,PTPN1,experimental_ChEMBL_single_protein,T4_experimental_moderate
CHEMBL168,CHEMBL335,Tyrosine-protein phosphatase non-receptor type 1,5.96,IC50,=,B,Inhibition of PTP1B (unknown origin),CHEMBL2346617,牛膝,oleanolic acid,SINGLE PROTEIN,PTPN1,PTPN1,experimental_ChEMBL_single_protein,T4_experimental_moderate
CHEMBL168,CHEMBL335,Tyrosine-protein phosphatase non-receptor type 1,5.52,IC50,=,B,Inhibition of PTP1B (unknown origin),CHEMBL2417434,牛膝,oleanolic acid,SINGLE PROTEIN,PTPN1,PTPN1,experimental_ChEMBL_single_protein,T4_experimental_moderate
CHEMBL168,CHEMBL335,Tyrosine-protein phosphatase non-receptor type 1,5.7,IC50,=,B,Inhibition of GST-tagged PTP1B (unknown origin) using pNPP as substrate measured for 2 mins by colorimetric analysis,CHEMBL2434820,牛膝,oleanolic acid,SINGLE PROTEIN,PTPN1,PTPN1,experimental_ChEMBL_single_protein,T4_experimental_moderate
CHEMBL168,CHEMBL335,Tyrosine-protein phosphatase non-receptor type 1,5.72,IC50,=,B,Inhibition of PTP1B (unknown origin) using pNPP as substrate,CHEMBL3232924,牛膝,oleanolic acid,SINGLE PROTEIN,PTPN1,PTPN1,experimental_ChEMBL_single_protein,T4_experimental_moderate
CHEMBL168,CHEMBL3807,Tyrosine-protein phosphatase non-receptor type 2,5.37,IC50,=,B,Inhibition of TCPTP (unknown origin) using pNPP as substrate,CHEMBL3232924,牛膝,oleanolic acid,SINGLE PROTEIN,PTPN2,PTPN2,experimental_ChEMBL_single_protein,T4_experimental_moderate
CHEMBL168,CHEMBL3807,Tyrosine-protein phosphatase non-receptor type 2,5.35,IC50,=,B,Inhibition of TC-PTP (unknown origin) using pNPP as substrate by spectrophotometry,CHEMBL3351304,牛膝,oleanolic acid,SINGLE PROTEIN,PTPN2,PTPN2,experimental_ChEMBL_single_protein,T4_experimental_moderate
CHEMBL168,CHEMBL335,Tyrosine-protein phosphatase non-receptor type 1,5.52,IC50,=,B,Inhibition of purified recombinant PTP1B catalytic domain (unknown origin) using pNPP as substrate by spectrophotometry,CHEMBL3351304,牛膝,oleanolic acid,SINGLE PROTEIN,PTPN1,PTPN1,experimental_ChEMBL_single_protein,T4_experimental_moderate
CHEMBL168,CHEMBL4804,M-phase inducer phosphatase 2,6.01,IC50,=,B,Inhibition of CDC25B (unknown origin) using pNPP as substrate by spectrophotometry,CHEMBL3351304,牛膝,oleanolic acid,SINGLE PROTEIN,CDC25B,CDC25B,experimental_ChEMBL_single_protein,T2_experimental_binding
CHEMBL168,CHEMBL335,Tyrosine-protein phosphatase non-receptor type 1,5.02,IC50,=,B,Inhibition of purified human GST-tagged PTP-1B using p-nitrophenylphosphate as substrate by spectrophotometry,CHEMBL3352127,牛膝,oleanolic acid,SINGLE PROTEIN,PTPN1,PTPN1,experimental_ChEMBL_single_protein,T4_experimental_moderate
CHEMBL168,CHEMBL335,Tyrosine-protein phosphatase non-receptor type 1,5.22,Ki,=,B,Mixed-type inhibition of purified human GST-tagged PTP-1B using p-nitrophenylphosphate as substrate by double-reciprocal,CHEMBL3352127,牛膝,oleanolic acid,SINGLE PROTEIN,PTPN1,PTPN1,experimental_ChEMBL_single_protein,T4_experimental_moderate
CHEMBL168,CHEMBL335,Tyrosine-protein phosphatase non-receptor type 1,5.99,IC50,=,B,Inhibition of PTP1B (unknown origin),CHEMBL3392984,牛膝,oleanolic acid,SINGLE PROTEIN,PTPN1,PTPN1,experimental_ChEMBL_single_protein,T4_experimental_moderate
CHEMBL168,CHEMBL335,Tyrosine-protein phosphatase non-receptor type 1,5.93,IC50,=,B,Inhibition of PTP1B (unknown origin) using pNPP as substrate incubated for 10 mins prior to substrate addition measured ,CHEMBL3397022,牛膝,oleanolic acid,SINGLE PROTEIN,PTPN1,PTPN1,experimental_ChEMBL_single_protein,T4_experimental_moderate
CHEMBL168,CHEMBL335,Tyrosine-protein phosphatase non-receptor type 1,5.52,IC50,=,B,Inhibition of PTP1B (unknown origin),CHEMBL3400144,牛膝,oleanolic acid,SINGLE PROTEIN,PTPN1,PTPN1,experimental_ChEMBL_single_protein,T4_experimental_moderate
CHEMBL168,CHEMBL335,Tyrosine-protein phosphatase non-receptor type 1,6.0,IC50,=,B,Inhibition of human recombinant PTP1B using pNPP as substrate assessed as rate of hydrolysis incubated for 10 mins prior,CHEMBL3585317,牛膝,oleanolic acid,SINGLE PROTEIN,PTPN1,PTPN1,experimental_ChEMBL_single_protein,T2_experimental_binding
CHEMBL168,CHEMBL3807,Tyrosine-protein phosphatase non-receptor type 2,5.26,IC50,=,B,Inhibition of TCPTP (unknown origin) assessed as pNPP hydrolysis after 30 mins,CHEMBL3593243,牛膝,oleanolic acid,SINGLE PROTEIN,PTPN2,PTPN2,experimental_ChEMBL_single_protein,T4_experimental_moderate
CHEMBL168,CHEMBL335,Tyrosine-protein phosphatase non-receptor type 1,5.81,IC50,=,B,Inhibition of recombinant PTP1B (unknown origin) assessed as pNPP hydrolysis after 30 mins,CHEMBL3593243,牛膝,oleanolic acid,SINGLE PROTEIN,PTPN1,PTPN1,experimental_ChEMBL_single_protein,T4_experimental_moderate
CHEMBL168,CHEMBL335,Tyrosine-protein phosphatase non-receptor type 1,6.16,IC50,=,B,Inhibition of PTP1B (unknown origin),CHEMBL3600359,牛膝,oleanolic acid,SINGLE PROTEIN,PTPN1,PTPN1,experimental_ChEMBL_single_protein,T2_experimental_binding
CHEMBL168,CHEMBL335,Tyrosine-protein phosphatase non-receptor type 1,6.16,IC50,=,B,Inhibition of PTP1B (unknown origin) pre-incubated for 10 mins before addition of p-nitrophenyl phosphate substrate and ,CHEMBL3608256,牛膝,oleanolic acid,SINGLE PROTEIN,PTPN1,PTPN1,experimental_ChEMBL_single_protein,T2_experimental_binding
CHEMBL168,CHEMBL3807,Tyrosine-protein phosphatase non-receptor type 2,5.26,IC50,=,B,Inhibition of TCPTP (unknown origin) assessed as hydrolysis of pNPP to pNP after 30 mins,CHEMBL3632526,牛膝,oleanolic acid,SINGLE PROTEIN,PTPN2,PTPN2,experimental_ChEMBL_single_protein,T4_experimental_moderate
CHEMBL168,CHEMBL335,Tyrosine-protein phosphatase non-receptor type 1,5.81,IC50,=,B,Inhibition of recombinant PTP1B (unknown origin) assessed as hydrolysis of pNPP to pNP after 30 mins,CHEMBL3632526,牛膝,oleanolic acid,SINGLE PROTEIN,PTPN1,PTPN1,experimental_ChEMBL_single_protein,T4_experimental_moderate
CHEMBL168,CHEMBL335,Tyrosine-protein phosphatase non-receptor type 1,6.14,IC50,=,B,Inhibition of recombinant human PTP1B using pNPP as substrate incubated for 10 mins prior to substrate addition measured,CHEMBL3745610,牛膝,oleanolic acid,SINGLE PROTEIN,PTPN1,PTPN1,experimental_ChEMBL_single_protein,T2_experimental_binding
CHEMBL168,CHEMBL335,Tyrosine-protein phosphatase non-receptor type 1,5.52,IC50,=,B,Inhibition of recombinant human PTP1B catalytic domain assessed as hydrolysis of pNPP after 2 mins,CHEMBL3758136,牛膝,oleanolic acid,SINGLE PROTEIN,PTPN1,PTPN1,experimental_ChEMBL_single_protein,T4_experimental_moderate
CHEMBL168,CHEMBL335,Tyrosine-protein phosphatase non-receptor type 1,5.81,IC50,=,B,Inhibition of recombinant PTP1B (unknown origin) using pNPP as substrate incubated for 30 mins,CHEMBL3822399,牛膝,oleanolic acid,SINGLE PROTEIN,PTPN1,PTPN1,experimental_ChEMBL_single_protein,T4_experimental_moderate
CHEMBL168,CHEMBL3807,Tyrosine-protein phosphatase non-receptor type 2,5.26,IC50,=,B,Inhibition of human TCPTP using pNPP as substrate incubated for 30 mins,CHEMBL3822399,牛膝,oleanolic acid,SINGLE PROTEIN,PTPN2,PTPN2,experimental_ChEMBL_single_protein,T4_experimental_moderate
CHEMBL168,CHEMBL335,Tyrosine-protein phosphatase non-receptor type 1,5.64,IC50,=,B,Inhibition of PTP1B (unknown origin) using pNPP as substrate after 3 mins by colorimetric analysis,CHEMBL3853289,牛膝,oleanolic acid,SINGLE PROTEIN,PTPN1,PTPN1,experimental_ChEMBL_single_protein,T4_experimental_moderate
CHEMBL168,CHEMBL335,Tyrosine-protein phosphatase non-receptor type 1,5.96,IC50,=,B,Inhibition of recombinant human PTP1B (1 to 322 residues) expressed in Escherichia coli using pNPP as substrate preincub,CHEMBL3994656,牛膝,oleanolic acid,SINGLE PROTEIN,PTPN1,PTPN1,experimental_ChEMBL_single_protein,T4_experimental_moderate
CHEMBL168,CHEMBL3807,Tyrosine-protein phosphatase non-receptor type 2,5.8,IC50,=,B,Inhibition of full length recombinant N-terminal GST-tagged human TCPTP expressed in Escherichia coli using pNPP as subs,CHEMBL3994656,牛膝,oleanolic acid,SINGLE PROTEIN,PTPN2,PTPN2,experimental_ChEMBL_single_protein,T4_experimental_moderate
CHEMBL168,CHEMBL3243,Receptor-type tyrosine-protein phosphatase C,6.0,IC50,=,B,Inhibition of human CD45 cytoplasmic domain (584 to 1281 residues) expressed in yeast using pNPP as substrate preincubat,CHEMBL3994656,牛膝,oleanolic acid,SINGLE PROTEIN,PTPRC,PTPRC,experimental_ChEMBL_single_protein,T2_experimental_binding
CHEMBL168,CHEMBL2635,Dual specificity protein phosphatase 3,5.27,IC50,=,B,Inhibition of human VHR expressed in Escherichia coli using pNPP as substrate preincubated for 10 mins followed by subst,CHEMBL3994656,牛膝,oleanolic acid,SINGLE PROTEIN,DUSP3,DUSP3,experimental_ChEMBL_single_protein,T4_experimental_moderate
CHEMBL168,CHEMBL335,Tyrosine-protein phosphatase non-receptor type 1,5.46,IC50,=,B,Inhibition of recombinant human PTP1B catalytic domain expressed in Escherichia coli BL21-CodonPlus (DE3) using pNPP as ,CHEMBL4000238,牛膝,oleanolic acid,SINGLE PROTEIN,PTPN1,PTPN1,experimental_ChEMBL_single_protein,T4_experimental_moderate
CHEMBL168,CHEMBL3807,Tyrosine-protein phosphatase non-receptor type 2,5.11,IC50,=,B,Inhibition of GST-tagged human TCPCP expressed in Escherichia coli using pNPP as substrate,CHEMBL4000238,牛膝,oleanolic acid,SINGLE PROTEIN,PTPN2,PTPN2,experimental_ChEMBL_single_protein,T4_experimental_moderate
CHEMBL168,CHEMBL4081,Tissue factor,8.3,IC50,=,B,Inhibition of LPS-induced tissue factor procoagulant activity in human THP1 cells preincubated for 1 hr followed by LPS ,CHEMBL4002624,牛膝,oleanolic acid,SINGLE PROTEIN,F3,F3,experimental_ChEMBL_single_protein,T2_experimental_binding
CHEMBL168,CHEMBL335,Tyrosine-protein phosphatase non-receptor type 1,5.7,IC50,=,B,Inhibition of PTP1B (unknown origin) using p-nitrophenyl phosphate as substrate measured after 30 mins,CHEMBL4130395,牛膝,oleanolic acid,SINGLE PROTEIN,PTPN1,PTPN1,experimental_ChEMBL_single_protein,T4_experimental_moderate
CHEMBL168,CHEMBL335,Tyrosine-protein phosphatase non-receptor type 1,5.48,IC50,=,B,Inhibition of recombinant human GST-tagged PTP1B catalytic domain expressed in Escherichia coli BL21 using para-nitrophe,CHEMBL4130532,牛膝,oleanolic acid,SINGLE PROTEIN,PTPN1,PTPN1,experimental_ChEMBL_single_protein,T4_experimental_moderate
CHEMBL168,CHEMBL335,Tyrosine-protein phosphatase non-receptor type 1,5.69,IC50,=,B,Inhibition of recombinant human PTP1B using pNNP as substrate after 30 mins,CHEMBL4145460,牛膝,oleanolic acid,SINGLE PROTEIN,PTPN1,PTPN1,experimental_ChEMBL_single_protein,T4_experimental_moderate
CHEMBL168,CHEMBL3807,Tyrosine-protein phosphatase non-receptor type 2,5.26,IC50,=,A,Inhibition of human TCPTP using pNNP as substrate after 30 mins,CHEMBL4145460,牛膝,oleanolic acid,SINGLE PROTEIN,PTPN2,PTPN2,experimental_ChEMBL_single_protein,T4_experimental_moderate
CHEMBL168,CHEMBL335,Tyrosine-protein phosphatase non-receptor type 1,5.58,IC50,=,B,Inhibition of GST-tagged PTP1B (unknown origin) using pNPP as substrate measured for 3 mins by colorimetric assay,CHEMBL4177658,牛膝,oleanolic acid,SINGLE PROTEIN,PTPN1,PTPN1,experimental_ChEMBL_single_protein,T4_experimental_moderate
CHEMBL168,CHEMBL3807,Tyrosine-protein phosphatase non-receptor type 2,5.3,IC50,=,B,Inhibition of GST-tagged TCPTP (unknown origin) using pNPP as substrate measured for 3 mins by colorimetric assay,CHEMBL4177658,牛膝,oleanolic acid,SINGLE PROTEIN,PTPN2,PTPN2,experimental_ChEMBL_single_protein,T4_experimental_moderate
CHEMBL168,CHEMBL335,Tyrosine-protein phosphatase non-receptor type 1,5.6,IC50,=,B,Inhibition of recombinant human PTP1B catalytic domain (91 to 1053 residues) expressed in Escherichia coli BL21-codon pl,CHEMBL4196134,牛膝,oleanolic acid,SINGLE PROTEIN,PTPN1,PTPN1,experimental_ChEMBL_single_protein,T4_experimental_moderate
CHEMBL168,CHEMBL5533,Transcription factor p65,5.62,IC50,=,B,Inhibition of biotinylated consensus sequence binding to NF-kB p65 in human HeLa nuclear extracts after 3 hrs by ELISA,CHEMBL4229490,牛膝,oleanolic acid,SINGLE PROTEIN,RELA,RELA,experimental_ChEMBL_single_protein,T4_experimental_moderate
CHEMBL168,CHEMBL335,Tyrosine-protein phosphatase non-receptor type 1,5.79,IC50,=,B,Inhibition of PTP1B (unknown origin) using pNPP as substrate,CHEMBL4316629,牛膝,oleanolic acid,SINGLE PROTEIN,PTPN1,PTPN1,experimental_ChEMBL_single_protein,T4_experimental_moderate
CHEMBL168,CHEMBL3807,Tyrosine-protein phosphatase non-receptor type 2,5.31,IC50,=,B,Inhibition of TCPTP (unknown origin) using pNPP as substrate,CHEMBL4316629,牛膝,oleanolic acid,SINGLE PROTEIN,PTPN2,PTPN2,experimental_ChEMBL_single_protein,T4_experimental_moderate
CHEMBL168,CHEMBL3807,Tyrosine-protein phosphatase non-receptor type 2,5.19,IC50,=,B,Inhibition of human recombinant GST-tagged TCPTP (catalytic domain 41 to 1075 residues) expressed in Escherichia coli BL,CHEMBL4346701,牛膝,oleanolic acid,SINGLE PROTEIN,PTPN2,PTPN2,experimental_ChEMBL_single_protein,T4_experimental_moderate
CHEMBL168,CHEMBL335,Tyrosine-protein phosphatase non-receptor type 1,5.57,IC50,=,B,Inhibition of human recombinant GST-tagged PTP1B expressed in Escherichia coli BL21 (DE3) using pNPP as substrate measur,CHEMBL4346701,牛膝,oleanolic acid,SINGLE PROTEIN,PTPN1,PTPN1,experimental_ChEMBL_single_protein,T4_experimental_moderate
CHEMBL168,CHEMBL335,Tyrosine-protein phosphatase non-receptor type 1,5.37,IC50,=,B,Inhibition of N-terminal GST tagged recombinant human PTP1B catalytic domain (1 to 321 residues) expressed in Escherichi,CHEMBL4414619,牛膝,oleanolic acid,SINGLE PROTEIN,PTPN1,PTPN1,experimental_ChEMBL_single_protein,T4_experimental_moderate
CHEMBL168,CHEMBL335,Tyrosine-protein phosphatase non-receptor type 1,5.53,IC50,=,B,Inhibition of PTP1B (unknown origin) assessed as reduction in nitrophenol production using pNPP as substrate incubated f,CHEMBL4433240,牛膝,oleanolic acid,SINGLE PROTEIN,PTPN1,PTPN1,experimental_ChEMBL_single_protein,T4_experimental_moderate
CHEMBL168,CHEMBL335,Tyrosine-protein phosphatase non-receptor type 1,5.48,IC50,=,B,Inhibition of human PTP1B,CHEMBL4610051,牛膝,oleanolic acid,SINGLE PROTEIN,PTPN1,PTPN1,experimental_ChEMBL_single_protein,T4_experimental_moderate
CHEMBL168,CHEMBL335,Tyrosine-protein phosphatase non-receptor type 1,5.58,IC50,=,B,Inhibition of GST-tagged PTP1B (unknown origin) using pNPP as substrate measured for 3 mins by colorimetric assay,CHEMBL4619739,牛膝,oleanolic acid,SINGLE PROTEIN,PTPN1,PTPN1,experimental_ChEMBL_single_protein,T4_experimental_moderate
CHEMBL168,CHEMBL3807,Tyrosine-protein phosphatase non-receptor type 2,5.3,IC50,=,B,Inhibition of GST-tagged TCPTP (unknown origin) using pNPP as substrate measured for 3 mins by colorimetric assay,CHEMBL4619739,牛膝,oleanolic acid,SINGLE PROTEIN,PTPN2,PTPN2,experimental_ChEMBL_single_protein,T4_experimental_moderate
CHEMBL168,CHEMBL2265,Liver carboxylesterase 1,7.0,IC50,=,B,Inhibition of CES1A1 in human liver microsomes using D-luciferin methyl ester as substrate preincubated for 10 mins foll,CHEMBL4699508,牛膝,oleanolic acid,SINGLE PROTEIN,CES1,CES1,experimental_ChEMBL_single_protein,T2_experimental_binding
CHEMBL168,CHEMBL335,Tyrosine-protein phosphatase non-receptor type 1,5.6,IC50,=,B,Inhibition of recombinant PTP1B catalytic domain (unknown origin) assessed as reduction in pNP formation using pNPP as s,CHEMBL4831504,牛膝,oleanolic acid,SINGLE PROTEIN,PTPN1,PTPN1,experimental_ChEMBL_single_protein,T4_experimental_moderate
CHEMBL168,CHEMBL335,Tyrosine-protein phosphatase non-receptor type 1,6.3,IC50,=,B,Inhibition of human recombinant PTP1B using pNPP as substrate assessed as reduction in p-nitrophenol release incubated f,CHEMBL5053534,牛膝,oleanolic acid,SINGLE PROTEIN,PTPN1,PTPN1,experimental_ChEMBL_single_protein,T2_experimental_binding
CHEMBL168,CHEMBL3807,Tyrosine-protein phosphatase non-receptor type 2,6.16,IC50,=,B,Inhibition of human recombinant TCPTP using pNPP as substrate assessed as reduction in p-nitrophenol release incubated f,CHEMBL5053534,牛膝,oleanolic acid,SINGLE PROTEIN,PTPN2,PTPN2,experimental_ChEMBL_single_protein,T2_experimental_binding
CHEMBL168,CHEMBL335,Tyrosine-protein phosphatase non-receptor type 1,5.53,IC50,=,B,Inhibition of PTP1B (unknown origin) by SpectraMax 340 microplate reader Analysis,CHEMBL5096181,牛膝,oleanolic acid,SINGLE PROTEIN,PTPN1,PTPN1,experimental_ChEMBL_single_protein,T4_experimental_moderate
CHEMBL168,CHEMBL3807,Tyrosine-protein phosphatase non-receptor type 2,5.53,IC50,=,B,Inhibition of TCPTP (unknown origin) by SpectraMax 340 microplate reader Analysis,CHEMBL5096181,牛膝,oleanolic acid,SINGLE PROTEIN,PTPN2,PTPN2,experimental_ChEMBL_single_protein,T4_experimental_moderate
CHEMBL168,CHEMBL335,Tyrosine-protein phosphatase non-receptor type 1,6.0,IC50,=,B,Inhibition of PTP1B (unknown origin) by DAS-ELISA,CHEMBL5257065,牛膝,oleanolic acid,SINGLE PROTEIN,PTPN1,PTPN1,experimental_ChEMBL_single_protein,T2_experimental_binding
CHEMBL168,CHEMBL335,Tyrosine-protein phosphatase non-receptor type 1,5.58,IC50,=,B,Inhibition of recombinant PTP1B (unknown origin) using pNPP as substrate relative to control,CHEMBL5357001,牛膝,oleanolic acid,SINGLE PROTEIN,PTPN1,PTPN1,experimental_ChEMBL_single_protein,T4_experimental_moderate
CHEMBL168,CHEMBL6067457,FUN14 domain-containing protein 1,7.14,Ki,=,B,Binding affinity to FUNDC1 (unknown origin) assessed as inhibition constant,CHEMBL5512615,牛膝,oleanolic acid,SINGLE PROTEIN,FUNDC1,FUNDC1,experimental_ChEMBL_single_protein,T1_experimental_high_affinity_binding
CHEMBL168,CHEMBL5409,G-protein coupled bile acid receptor 1,5.65,EC50,=,F,Agonist activity at TGR5 (unknown origin) expressed in CHO cells assessed as activation of intracellular cAMP production,CHEMBL5550133,牛膝,oleanolic acid,SINGLE PROTEIN,GPBAR1,GPBAR1,experimental_ChEMBL_single_protein,T4_experimental_moderate
CHEMBL168,CHEMBL335,Tyrosine-protein phosphatase non-receptor type 1,5.4,Ki,=,B,"Metabolic Measurements: Glucose in tail blood was measured using a glucometer (One-Touch Basic; Lifescan, CA). For gluco",CHEMBL5729725,牛膝,oleanolic acid,SINGLE PROTEIN,PTPN1,PTPN1,experimental_ChEMBL_single_protein,T4_experimental_moderate
CHEMBL168,CHEMBL5983,Aldo-keto reductase family 1 member B10,6.05,IC50,=,B,Inhibition of AKR1B10 (unknown origin),CHEMBL6087480,牛膝,oleanolic acid,SINGLE PROTEIN,AKR1B10,AKR1B10,experimental_ChEMBL_single_protein,T2_experimental_binding
CHEMBL3609603,CHEMBL1075189,Pyruvate kinase PKM,6.19,IC50,=,B,"Inhibition of recombinant PKM2 (unknown origin) Ser205, Asp177, Asp178, Lys207, Hie78, Gly128, Gly52, Ile51, Asn75, Hie8",CHEMBL5136976,骨碎补,neoeriocitrin,SINGLE PROTEIN,PKM,PKM,experimental_ChEMBL_single_protein,T2_experimental_binding
CHEMBL3609603,CHEMBL1075189,Pyruvate kinase PKM,6.19,IC50,=,B,Inhibition of PKM2 (unknown origin),CHEMBL5223062,骨碎补,neoeriocitrin,SINGLE PROTEIN,PKM,PKM,experimental_ChEMBL_single_protein,T2_experimental_binding
CHEMBL8996,CHEMBL4878,Cytochrome P450 1B1,5.89,IC50,=,B,Inhibition of human CYP1B1 by EROD assay,CHEMBL1221335,骨碎补,eriodictyol,SINGLE PROTEIN,CYP1B1,CYP1B1,experimental_ChEMBL_single_protein,T4_experimental_moderate
CHEMBL8996,CHEMBL3729,Carbonic anhydrase 4,7.14,Ki,=,B,Inhibition of human recombinant carbonic anhydrase 4 preincubated for 15 mins at room temperature/6 hrs at 4 deg C by st,CHEMBL3627624,骨碎补,eriodictyol,SINGLE PROTEIN,CA4,CA4,experimental_ChEMBL_single_protein,T1_experimental_high_affinity_binding
CHEMBL8996,CHEMBL2326,Carbonic anhydrase 7,8.37,Ki,=,B,Inhibition of human recombinant carbonic anhydrase 7 preincubated for 15 mins at room temperature/6 hrs at 4 deg C by st,CHEMBL3627624,骨碎补,eriodictyol,SINGLE PROTEIN,CA7,CA7,experimental_ChEMBL_single_protein,T1_experimental_high_affinity_binding
CHEMBL8996,CHEMBL3242,Carbonic anhydrase 12,7.51,Ki,=,B,Inhibition of human recombinant carbonic anhydrase 12 preincubated for 15 mins at room temperature/6 hrs at 4 deg C by s,CHEMBL3627624,骨碎补,eriodictyol,SINGLE PROTEIN,CA12,CA12,experimental_ChEMBL_single_protein,T1_experimental_high_affinity_binding
CHEMBL8996,CHEMBL2345,Ribosomal protein S6 kinase alpha-3,5.32,IC50,=,B,Inhibition of RSK2 expressed in human MCF7 cells incubated for 1 hrs by,CHEMBL5360539,骨碎补,eriodictyol,SINGLE PROTEIN,RPS6KA3,RPS6KA3,experimental_ChEMBL_single_protein,T4_experimental_moderate
CHEMBL8996,CHEMBL2331065,Alpha-ketoglutarate-dependent dioxygenase FTO,5.55,Kd,=,B,Binding affinity to GFP-tagged FTO (unknown origin) assessed as dissociation constant by microscale thermophoresis analy,CHEMBL6109136,骨碎补,eriodictyol,SINGLE PROTEIN,FTO,FTO,experimental_ChEMBL_single_protein,T4_experimental_moderate
CHEMBL8996,CHEMBL2331065,Alpha-ketoglutarate-dependent dioxygenase FTO,5.46,IC50,=,B,Inhibition of His-tagged N-terminal FTO (unknown origin),CHEMBL6109136,骨碎补,eriodictyol,SINGLE PROTEIN,FTO,FTO,experimental_ChEMBL_single_protein,T4_experimental_moderate
CHEMBL8996,CHEMBL2331065,Alpha-ketoglutarate-dependent dioxygenase FTO,5.49,Kd,=,B,Binding affinity to GFP-tagged FTO (unknown origin) assessed as dissociation constant by SPR analysis,CHEMBL6109136,骨碎补,eriodictyol,SINGLE PROTEIN,FTO,FTO,experimental_ChEMBL_single_protein,T4_experimental_moderate
CHEMBL150,CHEMBL3397,Cytochrome P450 2C9,5.22,Ki,=,A,Binding affinity towards cytochrome P450 2C9,CHEMBL1148414,骨碎补,kaempferol,SINGLE PROTEIN,CYP2C9,CYP2C9,experimental_ChEMBL_single_protein,T4_experimental_moderate
CHEMBL150,CHEMBL215,Polyunsaturated fatty acid 5-lipoxygenase,5.57,IC50,=,B,Inhibition of 5LOX in human PBMC by EIA assay,CHEMBL1147123,骨碎补,kaempferol,SINGLE PROTEIN,ALOX5,ALOX5,experimental_ChEMBL_single_protein,T4_experimental_moderate
CHEMBL150,CHEMBL3201,Aryl hydrocarbon receptor,7.55,IC50,=,B,Inhibition of aryl hydrocarbon receptor,CHEMBL1140636,骨碎补,kaempferol,SINGLE PROTEIN,AHR,AHR,experimental_ChEMBL_single_protein,T2_experimental_binding
CHEMBL150,CHEMBL1929,Xanthine dehydrogenase/oxidase,5.97,IC50,=,B,Inhibition of xanthine oxidase assessed as decrease in uric acid production by spectrophotometry,CHEMBL1158850,骨碎补,kaempferol,SINGLE PROTEIN,XDH,XDH,experimental_ChEMBL_single_protein,T4_experimental_moderate
CHEMBL150,CHEMBL3181,17-beta-hydroxysteroid dehydrogenase type 1,5.98,IC50,=,B,Inhibition of human recombinant 17beta-HSD1 expressed in HEK293 cell lysate assessed as conversion of radiolabeled estro,CHEMBL1157467,骨碎补,kaempferol,SINGLE PROTEIN,HSD17B1,HSD17B1,experimental_ChEMBL_single_protein,T4_experimental_moderate
CHEMBL150,CHEMBL2789,17-beta-hydroxysteroid dehydrogenase type 2,6.44,IC50,=,B,Inhibition of human recombinant 17beta-HSD2 expressed in HEK293 cell lysate assessed as conversion of radiolabeled estro,CHEMBL1157467,骨碎补,kaempferol,SINGLE PROTEIN,HSD17B2,HSD17B2,experimental_ChEMBL_single_protein,T2_experimental_binding
CHEMBL150,CHEMBL3004,Multidrug resistance-associated protein 1,5.62,Ki,=,B,Inhibition of MRP1 transfected in human HeLa cells assessed as inhibition of [3H]LTC4 transport by rapid filtration assa,CHEMBL1152445,骨碎补,kaempferol,SINGLE PROTEIN,ABCC1,ABCC1,experimental_ChEMBL_single_protein,T4_experimental_moderate
CHEMBL150,CHEMBL1871,Androgen receptor,5.01,IC50,=,F,Antagonist activity at androgen receptor in human MDA-kb2 cells assessed as inhibition of DHT-induced luciferase activit,CHEMBL1153076,骨碎补,kaempferol,SINGLE PROTEIN,AR,AR,experimental_ChEMBL_single_protein,T4_experimental_moderate
CHEMBL150,CHEMBL3356,Cytochrome P450 1A2,6.14,IC50,=,A,Inhibition of human CYP1A2 by EROD assay,CHEMBL1221335,骨碎补,kaempferol,SINGLE PROTEIN,CYP1A2,CYP1A2,experimental_ChEMBL_single_protein,T2_experimental_binding
CHEMBL150,CHEMBL2231,Cytochrome P450 1A1,6.2,IC50,=,A,Inhibition of human CYP1A1 by EROD assay,CHEMBL1221335,骨碎补,kaempferol,SINGLE PROTEIN,CYP1A1,CYP1A1,experimental_ChEMBL_single_protein,T2_experimental_binding
CHEMBL150,CHEMBL4878,Cytochrome P450 1B1,7.33,IC50,=,B,Inhibition of human CYP1B1 by EROD assay,CHEMBL1221335,骨碎补,kaempferol,SINGLE PROTEIN,CYP1B1,CYP1B1,experimental_ChEMBL_single_protein,T2_experimental_binding
CHEMBL150,CHEMBL1250375,NADPH oxidase 4,5.92,IC50,=,B,Inhibition of NOX4 expressed in HEK293 FS cells assessed as H2O2 production by H2O2/Tyr/LPO assay,CHEMBL1240523,骨碎补,kaempferol,SINGLE PROTEIN,NOX4,NOX4,experimental_ChEMBL_single_protein,T4_experimental_moderate
CHEMBL150,CHEMBL1293235,Prelamin-A/C,5.45,Potency,=,F,PUBCHEM_BIOASSAY: qHTS Assay for Modulators of Lamin A Splicing. (Class of assay: confirmatory) ,CHEMBL1201862,骨碎补,kaempferol,SINGLE PROTEIN,LMNA,LMNA,experimental_ChEMBL_single_protein,T4_experimental_moderate
CHEMBL150,CHEMBL1075138,Tyrosyl-DNA phosphodiesterase 1,5.7,Potency,=,B,PUBCHEM_BIOASSAY: qHTS Assay for Inhibitors of Tyrosyl-DNA Phosphodiesterase (TDP1). (Class of assay: confirmatory) ,CHEMBL1201862,骨碎补,kaempferol,SINGLE PROTEIN,TDP1,TDP1,experimental_ChEMBL_single_protein,T4_experimental_moderate
CHEMBL150,CHEMBL3622,Cytochrome P450 2C19,5.0,Potency,=,A,PUBCHEM_BIOASSAY: qHTS Assay for Inhibitors and Substrates of Cytochrome P450 2C19. (Class of assay: confirmatory) [Rela,CHEMBL1201862,骨碎补,kaempferol,SINGLE PROTEIN,CYP2C19,CYP2C19,experimental_ChEMBL_single_protein,T4_experimental_moderate
CHEMBL150,CHEMBL3622,Cytochrome P450 2C19,5.2,Potency,=,A,PUBCHEM_BIOASSAY: qHTS Assay for Inhibitors and Substrates of Cytochrome P450 2C19. (Class of assay: confirmatory) [Rela,CHEMBL1201862,骨碎补,kaempferol,SINGLE PROTEIN,CYP2C19,CYP2C19,experimental_ChEMBL_single_protein,T4_experimental_moderate
CHEMBL150,CHEMBL4261,Hypoxia-inducible factor 1-alpha,5.8,Potency,=,F,PUBCHEM_BIOASSAY: qHTS Assay for Identification of Small Molecule Agonists for Hypoxia Response Element Signaling Pathwa,CHEMBL1201862,骨碎补,kaempferol,SINGLE PROTEIN,HIF1A,HIF1A,experimental_ChEMBL_single_protein,T4_experimental_moderate
CHEMBL150,CHEMBL2903,Polyunsaturated fatty acid lipoxygenase ALOX15,5.0,Potency,=,F,PUBCHEM_BIOASSAY: qHTS Assay for Inhibitors of 15-hLO (15-human lipoxygenase). (Class of assay: confirmatory) ,CHEMBL1201862,骨碎补,kaempferol,SINGLE PROTEIN,ALOX15,ALOX15,experimental_ChEMBL_single_protein,T4_experimental_moderate
CHEMBL150,CHEMBL2903,Polyunsaturated fatty acid lipoxygenase ALOX15,5.1,Potency,=,F,PUBCHEM_BIOASSAY: qHTS Assay for Inhibitors of 15-hLO (15-human lipoxygenase). (Class of assay: confirmatory) ,CHEMBL1201862,骨碎补,kaempferol,SINGLE PROTEIN,ALOX15,ALOX15,experimental_ChEMBL_single_protein,T4_experimental_moderate
CHEMBL150,CHEMBL4096,Cellular tumor antigen p53,5.3,Potency,=,F,PUBCHEM_BIOASSAY: qHTS Screen for Compounds that Selectively Target Cancer Cells with p53 Mutations: Cytotoxicity of p53,CHEMBL1201862,骨碎补,kaempferol,SINGLE PROTEIN,TP53,TP53,experimental_ChEMBL_single_protein,T4_experimental_moderate
CHEMBL150,CHEMBL4096,Cellular tumor antigen p53,5.4,Potency,=,F,PUBCHEM_BIOASSAY: qHTS Screen for Compounds that Selectively Target Cancer Cells with p53 Mutations: Cytotoxicity of p53,CHEMBL1201862,骨碎补,kaempferol,SINGLE PROTEIN,TP53,TP53,experimental_ChEMBL_single_protein,T4_experimental_moderate
CHEMBL150,CHEMBL4096,Cellular tumor antigen p53,5.0,Potency,=,F,PUBCHEM_BIOASSAY: qHTS Screen for Compounds that Selectively Target Cancer Cells with p53 Mutations: Cytotoxicity of p53,CHEMBL1201862,骨碎补,kaempferol,SINGLE PROTEIN,TP53,TP53,experimental_ChEMBL_single_protein,T4_experimental_moderate
CHEMBL150,CHEMBL4096,Cellular tumor antigen p53,5.1,Potency,=,F,PUBCHEM_BIOASSAY: qHTS Screen for Compounds that Selectively Target Cancer Cells with p53 Mutations: Cytotoxicity of p53,CHEMBL1201862,骨碎补,kaempferol,SINGLE PROTEIN,TP53,TP53,experimental_ChEMBL_single_protein,T4_experimental_moderate
CHEMBL150,CHEMBL340,Cytochrome P450 3A4,5.1,Potency,=,A,PUBCHEM_BIOASSAY: qHTS Assay for Activators of Cytochrome P450 3A4. (Class of assay: confirmatory) [Related pubchem assa,CHEMBL1201862,骨碎补,kaempferol,SINGLE PROTEIN,CYP3A4,CYP3A4,experimental_ChEMBL_single_protein,T4_experimental_moderate
CHEMBL150,CHEMBL289,Cytochrome P450 2D6,5.0,Potency,=,A,PUBCHEM_BIOASSAY: qHTS Assay for Inhibitors and Substrates of Cytochrome P450 2D6. (Class of assay: confirmatory) [Relat,CHEMBL1201862,骨碎补,kaempferol,SINGLE PROTEIN,CYP2D6,CYP2D6,experimental_ChEMBL_single_protein,T4_experimental_moderate
CHEMBL150,CHEMBL3397,Cytochrome P450 2C9,8.89,Potency,=,A,PUBCHEM_BIOASSAY: qHTS Assay for Inhibitors and Substrates of Cytochrome P450 2C9. (Class of assay: confirmatory) [Relat,CHEMBL1201862,骨碎补,kaempferol,SINGLE PROTEIN,CYP2C9,CYP2C9,experimental_ChEMBL_single_protein,T3_experimental_functional
CHEMBL150,CHEMBL5393,Broad substrate specificity ATP-binding cassette transporter ABCG2,5.33,IC50,=,B,Inhibition of BCRP expressed in MDCK cells using Hoechst 33342 staining,CHEMBL1681785,骨碎补,kaempferol,SINGLE PROTEIN,ABCG2,ABCG2,experimental_ChEMBL_single_protein,T4_experimental_moderate
CHEMBL150,CHEMBL5393,Broad substrate specificity ATP-binding cassette transporter ABCG2,5.21,IC50,=,B,Inhibition of BCRP expressed in MCF-7 MX cells using Hoechst 33342 staining,CHEMBL1681785,骨碎补,kaempferol,SINGLE PROTEIN,ABCG2,ABCG2,experimental_ChEMBL_single_protein,T4_experimental_moderate
CHEMBL150,CHEMBL3397,Cytochrome P450 2C9,8.9,AC50,=,F,PUBCHEM_BIOASSAY: Cytochrome panel assay with activity outcomes. (Class of assay: other) Panel member name: p450-cyp2c9 ,CHEMBL1201862,骨碎补,kaempferol,SINGLE PROTEIN,CYP2C9,CYP2C9,experimental_ChEMBL_single_protein,T3_experimental_functional
CHEMBL150,CHEMBL289,Cytochrome P450 2D6,5.0,AC50,=,F,PUBCHEM_BIOASSAY: Cytochrome panel assay with activity outcomes. (Class of assay: other) Panel member name: p450-cyp2d6 ,CHEMBL1201862,骨碎补,kaempferol,SINGLE PROTEIN,CYP2D6,CYP2D6,experimental_ChEMBL_single_protein,T4_experimental_moderate
CHEMBL150,CHEMBL3622,Cytochrome P450 2C19,5.2,AC50,=,F,PUBCHEM_BIOASSAY: Cytochrome panel assay with activity outcomes. (Class of assay: other) Panel member name: p450-cyp2c19,CHEMBL1201862,骨碎补,kaempferol,SINGLE PROTEIN,CYP2C19,CYP2C19,experimental_ChEMBL_single_protein,T4_experimental_moderate
CHEMBL150,CHEMBL340,Cytochrome P450 3A4,5.1,AC50,=,F,PUBCHEM_BIOASSAY: Cytochrome panel assay with activity outcomes. (Class of assay: other) Panel member name: p450-cyp3a4 ,CHEMBL1201862,骨碎补,kaempferol,SINGLE PROTEIN,CYP3A4,CYP3A4,experimental_ChEMBL_single_protein,T4_experimental_moderate
CHEMBL150,CHEMBL3356,Cytochrome P450 1A2,7.1,AC50,=,F,PUBCHEM_BIOASSAY: Cytochrome panel assay with activity outcomes. (Class of assay: other) Panel member name: p450-cyp1a2 ,CHEMBL1201862,骨碎补,kaempferol,SINGLE PROTEIN,CYP1A2,CYP1A2,experimental_ChEMBL_single_protein,T3_experimental_functional
CHEMBL150,CHEMBL2231,Cytochrome P450 1A1,6.12,Ki,=,A,Inhibition of CYP1A1 EROD activity assessed as inhibition of deethylation of 7-ethoxyresorufin to resorufin,CHEMBL1777768,骨碎补,kaempferol,SINGLE PROTEIN,CYP1A1,CYP1A1,experimental_ChEMBL_single_protein,T2_experimental_binding
CHEMBL150,CHEMBL4878,Cytochrome P450 1B1,7.37,Ki,=,A,Inhibition of CYP1B1 EROD activity assessed as inhibition of deethylation of 7-ethoxyresorufin to resorufin,CHEMBL1777768,骨碎补,kaempferol,SINGLE PROTEIN,CYP1B1,CYP1B1,experimental_ChEMBL_single_protein,T1_experimental_high_affinity_binding
CHEMBL150,CHEMBL4302,ATP-dependent translocase ABCB1,5.17,Kd,=,B,Binding affinity to ABCB1 nucleotide binding domain 2,CHEMBL1821584,骨碎补,kaempferol,SINGLE PROTEIN,ABCB1,ABCB1,experimental_ChEMBL_single_protein,T4_experimental_moderate
CHEMBL150,CHEMBL1795098,Carboxy-terminal domain RNA polymerase II polypeptide A small phosphatase 1,5.0,IC50,=,F,PUBCHEM_BIOASSAY: Dose Response confirmation of uHTS hits for Scp-1 phosphatase using a colorimetric assay. (Class of as,CHEMBL1201862,骨碎补,kaempferol,SINGLE PROTEIN,CTDSP1,CTDSP1,experimental_ChEMBL_single_protein,T4_experimental_moderate
CHEMBL150,CHEMBL1900,Aldo-keto reductase family 1 member B1,5.0,IC50,=,B,Inhibition of human recombinant aldose reductase using D-glyceraldehyde as substrate preincubated for 10 mins before sub,CHEMBL1938238,骨碎补,kaempferol,SINGLE PROTEIN,AKR1B1,AKR1B1,experimental_ChEMBL_single_protein,T4_experimental_moderate
CHEMBL150,CHEMBL3004,Multidrug resistance-associated protein 1,5.62,Ki,=,F,TP_TRANSPORTER: inhibition of LTC4 uptake in membrane vesicle from MRP1-expressing HeLa cells,CHEMBL2074477,骨碎补,kaempferol,SINGLE PROTEIN,ABCC1,ABCC1,experimental_ChEMBL_single_protein,T4_experimental_moderate
CHEMBL150,CHEMBL1974,Receptor-type tyrosine-protein kinase FLT3,5.63,IC50,=,B,Inhibition of recombinant FLT3 (unknown origin) by TR-FRET assay,CHEMBL2331298,骨碎补,kaempferol,SINGLE PROTEIN,FLT3,FLT3,experimental_ChEMBL_single_protein,T4_experimental_moderate
CHEMBL150,CHEMBL3429,Steroid hormone receptor ERR1,5.02,IC50,=,B,Inverse agonist activity at human GAL4-DBD-fused ERRalpha-LBD transfected in human HepG2 cells assessed as disruption of,CHEMBL2380297,骨碎补,kaempferol,SINGLE PROTEIN,ESRRA,ESRRA,experimental_ChEMBL_single_protein,T4_experimental_moderate
CHEMBL150,CHEMBL2558,Death-associated protein kinase 1,5.0,IC50,=,B,Displacement of ANS from DAPK1 catalytic domain (1 to 285) (unknown origin) after 30 mins by fluorescence assay,CHEMBL3616367,骨碎补,kaempferol,SINGLE PROTEIN,DAPK1,DAPK1,experimental_ChEMBL_single_protein,T4_experimental_moderate
CHEMBL150,CHEMBL205,Carbonic anhydrase 2,5.02,Ki,=,B,Inhibition of human recombinant carbonic anhydrase 2 preincubated for 15 mins at room temperature/6 hrs at 4 deg C by st,CHEMBL3627624,骨碎补,kaempferol,SINGLE PROTEIN,CA2,CA2,experimental_ChEMBL_single_protein,T4_experimental_moderate
CHEMBL150,CHEMBL2326,Carbonic anhydrase 7,7.6,Ki,=,B,Inhibition of human recombinant carbonic anhydrase 7 preincubated for 15 mins at room temperature/6 hrs at 4 deg C by st,CHEMBL3627624,骨碎补,kaempferol,SINGLE PROTEIN,CA7,CA7,experimental_ChEMBL_single_protein,T1_experimental_high_affinity_binding
CHEMBL150,CHEMBL3242,Carbonic anhydrase 12,6.84,Ki,=,B,Inhibition of human recombinant carbonic anhydrase 12 preincubated for 15 mins at room temperature/6 hrs at 4 deg C by s,CHEMBL3627624,骨碎补,kaempferol,SINGLE PROTEIN,CA12,CA12,experimental_ChEMBL_single_protein,T2_experimental_binding
CHEMBL150,CHEMBL1973,Tyrosinase,6.0,IC50,=,B,Inhibition of tyrosinase (unknown origin) using L-tyrosine as substrate assessed as oxidation of L-tyrosine after 15 min,CHEMBL3808312,骨碎补,kaempferol,SINGLE PROTEIN,TYR,TYR,experimental_ChEMBL_single_protein,T2_experimental_binding
CHEMBL150,CHEMBL1795168,CDGSH iron-sulfur domain-containing protein 1,5.51,IC50,=,B,Displacement of [3H]rosiglitazone from recombinant human C-terminal His-tagged MitoNEET cytosolic domain (32 to 108 resi,CHEMBL3862005,骨碎补,kaempferol,SINGLE PROTEIN,CISD1,CISD1,experimental_ChEMBL_single_protein,T4_experimental_moderate
CHEMBL150,CHEMBL1795168,CDGSH iron-sulfur domain-containing protein 1,6.88,Ki,=,B,Displacement of [3H]rosiglitazone from recombinant human C-terminal His-tagged MitoNEET cytosolic domain (32 to 108 resi,CHEMBL3862005,骨碎补,kaempferol,SINGLE PROTEIN,CISD1,CISD1,experimental_ChEMBL_single_protein,T2_experimental_binding
CHEMBL150,CHEMBL2535,"Solute carrier family 2, facilitated glucose transporter member 1",5.4,IC50,=,B,Inhibition of GLUT1 in human MCF7 cells assessed as reduction in [3H]-DG uptake pretreated for 20 mins followed by [3H]-,CHEMBL3992488,骨碎补,kaempferol,SINGLE PROTEIN,SLC2A1,SLC2A1,experimental_ChEMBL_single_protein,T4_experimental_moderate
CHEMBL150,CHEMBL2439,Myeloperoxidase,5.65,IC50,=,B,Inhibition of recombinant MPO (unknown origin) assessed as reduction in taurine chloramine production preincubated with ,CHEMBL4011652,骨碎补,kaempferol,SINGLE PROTEIN,MPO,MPO,experimental_ChEMBL_single_protein,T4_experimental_moderate
CHEMBL150,CHEMBL2789,17-beta-hydroxysteroid dehydrogenase type 2,6.44,IC50,=,B,"Inhibition of human 17beta-HSD2 expressed in HEK293 cell lysates incubated for 10 mins using [2,4,6,7-3H]-estradiol and ",CHEMBL4177545,骨碎补,kaempferol,SINGLE PROTEIN,HSD17B2,HSD17B2,experimental_ChEMBL_single_protein,T2_experimental_binding
CHEMBL150,CHEMBL284,Dipeptidyl peptidase 4,6.31,IC50,=,B,Inhibition of DPP4 (unknown origin) using Gly-Pro-AMC as substrate preincubated for 4 secs followed by substrate additio,CHEMBL4229387,骨碎补,kaempferol,SINGLE PROTEIN,DPP4,DPP4,experimental_ChEMBL_single_protein,T2_experimental_binding
CHEMBL150,CHEMBL4523488,Inositol hexakisphosphate kinase 2,5.6,IC50,=,B,Inhibition of human IP6K2 using insP6 as substrate preincubated for 15 mins followed by substrate and measured after 30 ,CHEMBL4368908,骨碎补,kaempferol,SINGLE PROTEIN,IP6K2,IP6K2,experimental_ChEMBL_single_protein,T4_experimental_moderate
CHEMBL150,CHEMBL4523401,Inositol polyphosphate multikinase,5.36,IC50,=,B,Inhibition of human IPMK using insP3 as substrate preincubated for 15 mins followed by substrate and measured after 30 m,CHEMBL4368908,骨碎补,kaempferol,SINGLE PROTEIN,IPMK,IPMK,experimental_ChEMBL_single_protein,T4_experimental_moderate
CHEMBL150,CHEMBL1250411,Short transient receptor potential channel 5,5.41,IC50,=,B,Inhibition of human TRPC5 expressed in HEK293 cells assessed as reduction in gadolinium-induced calcium entry after 30 m,CHEMBL4376804,骨碎补,kaempferol,SINGLE PROTEIN,TRPC5,TRPC5,experimental_ChEMBL_single_protein,T4_experimental_moderate
CHEMBL150,CHEMBL2073,Tyrosine-protein kinase Yes,5.17,Ki,=,B,Inhibition of YES (unknown origin),CHEMBL4609975,骨碎补,kaempferol,SINGLE PROTEIN,YES1,YES1,experimental_ChEMBL_single_protein,T4_experimental_moderate
CHEMBL150,CHEMBL1865,Protein deacetylase HDAC6,5.77,IC50,=,B,Determination of IC50 values for inhibition of enzymatic assay of human HDAC6 with custom peptide substrate,CHEMBL4808148,骨碎补,kaempferol,SINGLE PROTEIN,HDAC6,HDAC6,experimental_ChEMBL_single_protein,T4_experimental_moderate
CHEMBL150,CHEMBL2345,Ribosomal protein S6 kinase alpha-3,5.77,IC50,=,B,Inhibition of RSK2 expressed in human MCF7 cells incubated for 1 hrs by,CHEMBL5360539,骨碎补,kaempferol,SINGLE PROTEIN,RPS6KA3,RPS6KA3,experimental_ChEMBL_single_protein,T4_experimental_moderate
CHEMBL150,CHEMBL284,Dipeptidyl peptidase 4,5.18,IC50,=,B,Inhibition of DPP4 in human plasma using GP-BAN as fluorescent substrate preincubated for 5 mins followed by substrate a,CHEMBL5360591,骨碎补,kaempferol,SINGLE PROTEIN,DPP4,DPP4,experimental_ChEMBL_single_protein,T4_experimental_moderate
