dataset,gene,cell_type,n_cells,mean_lognorm,pct_detected,status
GSE224152,ABCB1,MSC_stromal,122,0.0,0.0,ok
GSE224152,ABCB1,endothelial,47,0.04777841806446043,0.02127659574468085,ok
GSE224152,ABCB1,pericyte_mural,66,0.0,0.0,ok
GSE224152,ABCB1,osteo_lineage,52,0.03485524798545711,0.019230769230769232,ok
GSE224152,ABCB1,immune,118,0.011942257220059717,0.00847457627118644,ok
GSE224152,ABCB1,unassigned,1361,0.0,0.0,ok
GSE224152,ABCB1,ALL,1766,0.003095835162084064,0.0016987542468856172,ok
GSE224152,ABCC1,MSC_stromal,122,0.007907654691017691,0.01639344262295082,ok
GSE224152,ABCC1,endothelial,47,0.0,0.0,ok
GSE224152,ABCC1,pericyte_mural,66,0.0,0.0,ok
GSE224152,ABCC1,osteo_lineage,52,0.0,0.0,ok
GSE224152,ABCC1,immune,118,0.005427584244275284,0.00847457627118644,ok
GSE224152,ABCC1,unassigned,1361,0.0038899155024857608,0.0029390154298310064,ok
GSE224152,ABCC1,ALL,1766,0.003906774525487974,0.003963759909399773,ok
GSE224152,ABCG2,MSC_stromal,122,0.004180875225589769,0.00819672131147541,ok
GSE224152,ABCG2,endothelial,47,0.0,0.0,ok
GSE224152,ABCG2,pericyte_mural,66,0.019691984778601457,0.015151515151515152,ok
GSE224152,ABCG2,osteo_lineage,52,0.0,0.0,ok
GSE224152,ABCG2,immune,118,0.0,0.0,ok
GSE224152,ABCG2,unassigned,1361,0.009376000429499537,0.006612784717119765,ok
GSE224152,ABCG2,ALL,1766,0.008250551731290214,0.00622876557191393,ok
GSE224152,AHR,MSC_stromal,122,0.0,0.0,ok
GSE224152,AHR,endothelial,47,0.0707482597282326,0.0425531914893617,ok
GSE224152,AHR,pericyte_mural,66,0.07937705123292153,0.030303030303030304,ok
GSE224152,AHR,osteo_lineage,52,0.0,0.0,ok
GSE224152,AHR,immune,118,0.019052822921227872,0.00847457627118644,ok
GSE224152,AHR,unassigned,1361,0.00635844506341642,0.0036737692872887582,ok
GSE224152,AHR,ALL,1766,0.011022723909747673,0.0056625141562853904,ok
GSE224152,AKR1B1,MSC_stromal,122,0.03223862436741627,0.03278688524590164,ok
GSE224152,AKR1B1,endothelial,47,0.04117472076416636,0.0425531914893617,ok
GSE224152,AKR1B1,pericyte_mural,66,0.05628791287807503,0.045454545454545456,ok
GSE224152,AKR1B1,osteo_lineage,52,0.017217433432877304,0.019230769230769232,ok
GSE224152,AKR1B1,immune,118,0.14092871846583743,0.11016949152542373,ok
GSE224152,AKR1B1,unassigned,1361,0.043847375203068605,0.028655400440852314,ok
GSE224152,AKR1B1,ALL,1766,0.04914184556486317,0.035107587768969425,ok
GSE224152,AKR1B10,ALL,1766,,,not_mapped_in_matrix
GSE224152,ALOX15,ALL,1766,,,not_mapped_in_matrix
GSE224152,ALOX5,MSC_stromal,122,0.0,0.0,ok
GSE224152,ALOX5,endothelial,47,0.0,0.0,ok
GSE224152,ALOX5,pericyte_mural,66,0.0,0.0,ok
GSE224152,ALOX5,osteo_lineage,52,0.0,0.0,ok
GSE224152,ALOX5,immune,118,0.018428492700082344,0.01694915254237288,ok
GSE224152,ALOX5,unassigned,1361,0.002607718937348385,0.0014695077149155032,ok
GSE224152,ALOX5,ALL,1766,0.003241034888075237,0.0022650056625141564,ok
GSE224152,AR,ALL,1766,,,not_mapped_in_matrix
GSE224152,CA12,ALL,1766,,,not_mapped_in_matrix
GSE224152,CA2,MSC_stromal,122,0.8728129015875533,0.6147540983606558,ok
GSE224152,CA2,endothelial,47,0.17451964352748917,0.1702127659574468,ok
GSE224152,CA2,pericyte_mural,66,0.34277579389040214,0.25757575757575757,ok
GSE224152,CA2,osteo_lineage,52,0.6662162463050899,0.5384615384615384,ok
GSE224152,CA2,immune,118,0.3116837936439898,0.211864406779661,ok
GSE224152,CA2,unassigned,1361,0.6559519831691725,0.30786186627479795,ok
GSE224152,CA2,ALL,1766,0.6237153913858093,0.32389580973952437,ok
GSE224152,CA4,ALL,1766,,,not_mapped_in_matrix
GSE224152,CA7,ALL,1766,,,not_mapped_in_matrix
GSE224152,CDC25B,MSC_stromal,122,0.009991977193353834,0.01639344262295082,ok
GSE224152,CDC25B,endothelial,47,0.13721066691796588,0.0851063829787234,ok
GSE224152,CDC25B,pericyte_mural,66,0.0,0.0,ok
GSE224152,CDC25B,osteo_lineage,52,0.018033767904291793,0.019230769230769232,ok
GSE224152,CDC25B,immune,118,0.00576871615959462,0.00847457627118644,ok
GSE224152,CDC25B,unassigned,1361,0.010898187696566,0.00881704628949302,ok
GSE224152,CDC25B,ALL,1766,0.01365731622628269,0.011325028312570781,ok
GSE224152,CES1,MSC_stromal,122,0.04123634486730864,0.01639344262295082,ok
GSE224152,CES1,endothelial,47,0.0,0.0,ok
GSE224152,CES1,pericyte_mural,66,0.0,0.0,ok
GSE224152,CES1,osteo_lineage,52,0.0,0.0,ok
GSE224152,CES1,immune,118,0.0,0.0,ok
GSE224152,CES1,unassigned,1361,0.001494905639142598,0.0007347538574577516,ok
GSE224152,CES1,ALL,1766,0.004000793119300526,0.0016987542468856172,ok
GSE224152,CISD1,MSC_stromal,122,0.0984437770292119,0.13114754098360656,ok
GSE224152,CISD1,endothelial,47,0.05612896384375853,0.06382978723404255,ok
GSE224152,CISD1,pericyte_mural,66,0.20491580718463742,0.19696969696969696,ok
GSE224152,CISD1,osteo_lineage,52,0.13806451841486433,0.17307692307692307,ok
GSE224152,CISD1,immune,118,0.04769755813651485,0.059322033898305086,ok
GSE224152,CISD1,unassigned,1361,0.08093992623737536,0.05951506245407789,ok
GSE224152,CISD1,ALL,1766,0.08558298516373508,0.07304643261608154,ok
GSE224152,CTDSP1,MSC_stromal,122,0.050857923698164186,0.07377049180327869,ok
GSE224152,CTDSP1,endothelial,47,0.08672328674964086,0.06382978723404255,ok
GSE224152,CTDSP1,pericyte_mural,66,0.06708649031993548,0.030303030303030304,ok
GSE224152,CTDSP1,osteo_lineage,52,0.12362885722680941,0.09615384615384616,ok
GSE224152,CTDSP1,immune,118,0.035698788545820655,0.025423728813559324,ok
GSE224152,CTDSP1,unassigned,1361,0.02776517088391393,0.020573108008817047,ok
GSE224152,CTDSP1,ALL,1766,0.03575193925636051,0.028312570781426953,ok
GSE224152,CYP1A1,ALL,1766,,,not_mapped_in_matrix
GSE224152,CYP1A2,ALL,1766,,,not_mapped_in_matrix
GSE224152,CYP1B1,MSC_stromal,122,0.22983507075373255,0.08196721311475409,ok
GSE224152,CYP1B1,endothelial,47,0.0,0.0,ok
GSE224152,CYP1B1,pericyte_mural,66,0.034466713176976874,0.015151515151515152,ok
GSE224152,CYP1B1,osteo_lineage,52,0.22640779822413792,0.07692307692307693,ok
GSE224152,CYP1B1,immune,118,0.02408724453999364,0.00847457627118644,ok
GSE224152,CYP1B1,unassigned,1361,0.004515410706020015,0.0029390154298310064,ok
GSE224152,CYP1B1,ALL,1766,0.028921662534486695,0.011325028312570781,ok
GSE224152,CYP2C19,ALL,1766,,,not_mapped_in_matrix
GSE224152,CYP2C9,ALL,1766,,,not_mapped_in_matrix
GSE224152,CYP2D6,ALL,1766,,,not_mapped_in_matrix
GSE224152,CYP3A4,ALL,1766,,,not_mapped_in_matrix
GSE224152,DAPK1,MSC_stromal,122,0.0,0.0,ok
GSE224152,DAPK1,endothelial,47,0.0,0.0,ok
GSE224152,DAPK1,pericyte_mural,66,0.007470443970035481,0.015151515151515152,ok
GSE224152,DAPK1,osteo_lineage,52,0.0,0.0,ok
GSE224152,DAPK1,immune,118,0.005427584244275284,0.00847457627118644,ok
GSE224152,DAPK1,unassigned,1361,0.009833559846612987,0.005143277002204262,ok
GSE224152,DAPK1,ALL,1766,0.00822026001930187,0.005096262740656852,ok
GSE224152,DPP4,ALL,1766,,,not_mapped_in_matrix
GSE224152,DUSP3,MSC_stromal,122,0.0044561507866836296,0.00819672131147541,ok
GSE224152,DUSP3,endothelial,47,0.0065788840695408055,0.02127659574468085,ok
GSE224152,DUSP3,pericyte_mural,66,0.03586072396899534,0.030303030303030304,ok
GSE224152,DUSP3,osteo_lineage,52,0.0390940324314993,0.038461538461538464,ok
GSE224152,DUSP3,immune,118,0.05004522512139601,0.0423728813559322,ok
GSE224152,DUSP3,unassigned,1361,0.005162213746964504,0.005143277002204262,ok
GSE224152,DUSP3,ALL,1766,0.010296525985039013,0.010192525481313703,ok
GSE224152,ESRRA,MSC_stromal,122,0.009478452695090324,0.01639344262295082,ok
GSE224152,ESRRA,endothelial,47,0.06583743835543633,0.0425531914893617,ok
GSE224152,ESRRA,pericyte_mural,66,0.07326259974040933,0.045454545454545456,ok
GSE224152,ESRRA,osteo_lineage,52,0.009001975763484516,0.019230769230769232,ok
GSE224152,ESRRA,immune,118,0.013480347983830392,0.01694915254237288,ok
GSE224152,ESRRA,unassigned,1361,0.006518145985654353,0.0073475385745775165,ok
GSE224152,ESRRA,ALL,1766,0.011334112628902776,0.011325028312570781,ok
GSE224152,F3,MSC_stromal,122,0.0,0.0,ok
GSE224152,F3,endothelial,47,0.0,0.0,ok
GSE224152,F3,pericyte_mural,66,0.0,0.0,ok
GSE224152,F3,osteo_lineage,52,0.0,0.0,ok
GSE224152,F3,immune,118,0.0,0.0,ok
GSE224152,F3,unassigned,1361,0.004442986387411698,0.002204261572373255,ok
GSE224152,F3,ALL,1766,0.0034240682181581657,0.0016987542468856172,ok
GSE224152,FLT3,ALL,1766,,,not_mapped_in_matrix
GSE224152,FTO,MSC_stromal,122,0.03746929451319069,0.03278688524590164,ok
GSE224152,FTO,endothelial,47,0.06642577226583661,0.02127659574468085,ok
GSE224152,FTO,pericyte_mural,66,0.045053308724115844,0.045454545454545456,ok
GSE224152,FTO,osteo_lineage,52,0.05270042226832805,0.057692307692307696,ok
GSE224152,FTO,immune,118,0.07674683490076803,0.0423728813559322,ok
GSE224152,FTO,unassigned,1361,0.013054447328342695,0.013960323291697281,ok
GSE224152,FTO,ALL,1766,0.02278054070952057,0.019818799546998868,ok
GSE224152,FUNDC1,MSC_stromal,122,0.11332256639512583,0.13934426229508196,ok
GSE224152,FUNDC1,endothelial,47,0.05986757856145957,0.06382978723404255,ok
GSE224152,FUNDC1,pericyte_mural,66,0.030158963473268408,0.045454545454545456,ok
GSE224152,FUNDC1,osteo_lineage,52,0.037787161006061415,0.057692307692307696,ok
GSE224152,FUNDC1,immune,118,0.03806062621999195,0.0423728813559322,ok
GSE224152,FUNDC1,unassigned,1361,0.05402765684280772,0.0440852314474651,ok
GSE224152,FUNDC1,ALL,1766,0.055842212973479737,0.051528878822197054,ok
GSE224152,GPBAR1,ALL,1766,,,not_mapped_in_matrix
GSE224152,HDAC6,MSC_stromal,122,0.06302146461485485,0.04918032786885246,ok
GSE224152,HDAC6,endothelial,47,0.0,0.0,ok
GSE224152,HDAC6,pericyte_mural,66,0.0,0.0,ok
GSE224152,HDAC6,osteo_lineage,52,0.05091899963256971,0.057692307692307696,ok
GSE224152,HDAC6,immune,118,0.0,0.0,ok
GSE224152,HDAC6,unassigned,1361,0.016949932999319323,0.015429831006612785,ok
GSE224152,HDAC6,ALL,1766,0.018915778865220566,0.01698754246885617,ok
GSE224152,HIF1A,MSC_stromal,122,0.05712390649644913,0.04918032786885246,ok
GSE224152,HIF1A,endothelial,47,0.15334250889118356,0.1276595744680851,ok
GSE224152,HIF1A,pericyte_mural,66,0.023159607804578767,0.015151515151515152,ok
GSE224152,HIF1A,osteo_lineage,52,0.0918586354390045,0.057692307692307696,ok
GSE224152,HIF1A,immune,118,0.15979754663055212,0.0847457627118644,ok
GSE224152,HIF1A,unassigned,1361,0.04489145355934637,0.03085966201322557,ok
GSE224152,HIF1A,ALL,1766,0.0568713343516752,0.03850509626274066,ok
GSE224152,HSD17B1,MSC_stromal,122,0.04770972526990538,0.03278688524590164,ok
GSE224152,HSD17B1,endothelial,47,0.05111602482434774,0.02127659574468085,ok
GSE224152,HSD17B1,pericyte_mural,66,0.0,0.0,ok
GSE224152,HSD17B1,osteo_lineage,52,0.028447714537872128,0.038461538461538464,ok
GSE224152,HSD17B1,immune,118,0.0,0.0,ok
GSE224152,HSD17B1,unassigned,1361,0.007693399662503657,0.00440852314474651,ok
GSE224152,HSD17B1,ALL,1766,0.011423011181375781,0.007361268403171008,ok
GSE224152,HSD17B2,ALL,1766,,,not_mapped_in_matrix
GSE224152,IP6K2,MSC_stromal,122,0.2620191988136358,0.23770491803278687,ok
GSE224152,IP6K2,endothelial,47,0.23130320527018092,0.1276595744680851,ok
GSE224152,IP6K2,pericyte_mural,66,0.2235400898081218,0.18181818181818182,ok
GSE224152,IP6K2,osteo_lineage,52,0.28636630219452647,0.25,ok
GSE224152,IP6K2,immune,118,0.05159793294318781,0.0423728813559322,ok
GSE224152,IP6K2,unassigned,1361,0.1276383322319766,0.0852314474650992,ok
GSE224152,IP6K2,ALL,1766,0.14285765164180625,0.10249150622876557,ok
GSE224152,IPMK,MSC_stromal,122,0.02964701254923748,0.01639344262295082,ok
GSE224152,IPMK,endothelial,47,0.0065788840695408055,0.02127659574468085,ok
GSE224152,IPMK,pericyte_mural,66,0.0,0.0,ok
GSE224152,IPMK,osteo_lineage,52,0.015409527032013454,0.019230769230769232,ok
GSE224152,IPMK,immune,118,0.03267282616166335,0.01694915254237288,ok
GSE224152,IPMK,unassigned,1361,0.007322790036480904,0.006612784717119765,ok
GSE224152,IPMK,ALL,1766,0.010503482001510122,0.008493771234428085,ok
GSE224152,L3MBTL1,MSC_stromal,122,0.0,0.0,ok
GSE224152,L3MBTL1,endothelial,47,0.0,0.0,ok
GSE224152,L3MBTL1,pericyte_mural,66,0.020381575760343718,0.015151515151515152,ok
GSE224152,L3MBTL1,osteo_lineage,52,0.021641212747495402,0.019230769230769232,ok
GSE224152,L3MBTL1,immune,118,0.0,0.0,ok
GSE224152,L3MBTL1,unassigned,1361,0.0023173648764719446,0.0029390154298310064,ok
GSE224152,L3MBTL1,ALL,1766,0.003184858810832822,0.0033975084937712344,ok
GSE224152,LMNA,MSC_stromal,122,0.8392114174015436,0.5819672131147541,ok
GSE224152,LMNA,endothelial,47,0.7899986317224114,0.425531914893617,ok
GSE224152,LMNA,pericyte_mural,66,0.7649618637093835,0.4090909090909091,ok
GSE224152,LMNA,osteo_lineage,52,0.5131784880019706,0.4230769230769231,ok
GSE224152,LMNA,immune,118,0.4336735786535885,0.2627118644067797,ok
GSE224152,LMNA,unassigned,1361,0.4437714944855863,0.23365172667156503,ok
GSE224152,LMNA,ALL,1766,0.4936766587037768,0.2768969422423556,ok
GSE224152,MPO,MSC_stromal,122,0.0,0.0,ok
GSE224152,MPO,endothelial,47,0.05308481459302216,0.02127659574468085,ok
GSE224152,MPO,pericyte_mural,66,0.0,0.0,ok
GSE224152,MPO,osteo_lineage,52,0.011057595081977411,0.019230769230769232,ok
GSE224152,MPO,immune,118,0.16812618067279717,0.059322033898305086,ok
GSE224152,MPO,unassigned,1361,0.010888790636815944,0.0073475385745775165,ok
GSE224152,MPO,ALL,1766,0.021363824805340558,0.010758776896942242,ok
GSE224152,NOX4,ALL,1766,,,not_mapped_in_matrix
GSE224152,PKM,MSC_stromal,122,0.02239570051210841,0.00819672131147541,ok
GSE224152,PKM,endothelial,47,0.3064634895473151,0.19148936170212766,ok
GSE224152,PKM,pericyte_mural,66,0.1799357799588417,0.09090909090909091,ok
GSE224152,PKM,osteo_lineage,52,0.1796820761103404,0.07692307692307693,ok
GSE224152,PKM,immune,118,0.3722900616042318,0.2033898305084746,ok
GSE224152,PKM,unassigned,1361,0.04046953244726543,0.020573108008817047,ok
GSE224152,PKM,ALL,1766,0.0777828708019535,0.04077010192525481,ok
GSE224152,PLA2G1B,MSC_stromal,122,0.005569531880618024,0.00819672131147541,ok
GSE224152,PLA2G1B,endothelial,47,0.0,0.0,ok
GSE224152,PLA2G1B,pericyte_mural,66,0.0,0.0,ok
GSE224152,PLA2G1B,osteo_lineage,52,0.027549108048486516,0.038461538461538464,ok
GSE224152,PLA2G1B,immune,118,0.0,0.0,ok
GSE224152,PLA2G1B,unassigned,1361,0.0033198493588466717,0.0029390154298310064,ok
GSE224152,PLA2G1B,ALL,1766,0.003754445914692536,0.003963759909399773,ok
GSE224152,POLB,MSC_stromal,122,0.043141611504926215,0.05737704918032787,ok
GSE224152,POLB,endothelial,47,0.06617269124350389,0.0425531914893617,ok
GSE224152,POLB,pericyte_mural,66,0.007280495173788569,0.015151515151515152,ok
GSE224152,POLB,osteo_lineage,52,0.053458276133052346,0.07692307692307693,ok
GSE224152,POLB,immune,118,0.01772991677373406,0.01694915254237288,ok
GSE224152,POLB,unassigned,1361,0.02149037408607015,0.015429831006612785,ok
GSE224152,POLB,ALL,1766,0.02433423864262545,0.020951302378255945,ok
GSE224152,PTPN1,MSC_stromal,122,0.038095029765993015,0.05737704918032787,ok
GSE224152,PTPN1,endothelial,47,0.023072690838321776,0.02127659574468085,ok
GSE224152,PTPN1,pericyte_mural,66,0.07951939899903972,0.06060606060606061,ok
GSE224152,PTPN1,osteo_lineage,52,0.010427336555994784,0.019230769230769232,ok
GSE224152,PTPN1,immune,118,0.04895005574772969,0.0423728813559322,ok
GSE224152,PTPN1,unassigned,1361,0.027588687611363134,0.02351212343864805,ok
GSE224152,PTPN1,ALL,1766,0.031057090800112087,0.028312570781426953,ok
GSE224152,PTPN2,MSC_stromal,122,0.1316638245487246,0.11475409836065574,ok
GSE224152,PTPN2,endothelial,47,0.1127349153601101,0.10638297872340426,ok
GSE224152,PTPN2,pericyte_mural,66,0.0680541847511022,0.06060606060606061,ok
GSE224152,PTPN2,osteo_lineage,52,0.06210683957475826,0.09615384615384616,ok
GSE224152,PTPN2,immune,118,0.12521417973109591,0.09322033898305085,ok
GSE224152,PTPN2,unassigned,1361,0.0752047797571264,0.05143277002204261,ok
GSE224152,PTPN2,ALL,1766,0.08279254695699213,0.06172140430351076,ok
GSE224152,PTPRC,MSC_stromal,122,0.021789676896945706,0.01639344262295082,ok
GSE224152,PTPRC,endothelial,47,0.0065788840695408055,0.02127659574468085,ok
GSE224152,PTPRC,pericyte_mural,66,0.035187146100774884,0.015151515151515152,ok
GSE224152,PTPRC,osteo_lineage,52,0.0,0.0,ok
GSE224152,PTPRC,immune,118,0.48780653227788845,0.2796610169491525,ok
GSE224152,PTPRC,unassigned,1361,0.0,0.0,ok
GSE224152,PTPRC,ALL,1766,0.03558950769203725,0.020951302378255945,ok
GSE224152,RELA,MSC_stromal,122,0.027864985714280064,0.03278688524590164,ok
GSE224152,RELA,endothelial,47,0.0065788840695408055,0.02127659574468085,ok
GSE224152,RELA,pericyte_mural,66,0.01865625608559561,0.030303030303030304,ok
GSE224152,RELA,osteo_lineage,52,0.015109446810861505,0.019230769230769232,ok
GSE224152,RELA,immune,118,0.06668461246916733,0.06779661016949153,ok
GSE224152,RELA,unassigned,1361,0.02129976173523923,0.01689933872152829,ok
GSE224152,RELA,ALL,1766,0.024112967121883936,0.022083805209513023,ok
GSE224152,RPS6KA3,MSC_stromal,122,0.04918000871691688,0.04918032786885246,ok
GSE224152,RPS6KA3,endothelial,47,0.0065788840695408055,0.02127659574468085,ok
GSE224152,RPS6KA3,pericyte_mural,66,0.07302718678521058,0.06060606060606061,ok
GSE224152,RPS6KA3,osteo_lineage,52,0.04431013129643969,0.057692307692307696,ok
GSE224152,RPS6KA3,immune,118,0.041717943812480646,0.0423728813559322,ok
GSE224152,RPS6KA3,unassigned,1361,0.023016235053691846,0.01689933872152829,ok
GSE224152,RPS6KA3,ALL,1766,0.028131881680587972,0.02378255945639864,ok
GSE224152,SLC2A1,MSC_stromal,122,0.1640606032479959,0.16393442622950818,ok
GSE224152,SLC2A1,endothelial,47,0.045177786024424196,0.0425531914893617,ok
GSE224152,SLC2A1,pericyte_mural,66,0.04383981034004648,0.045454545454545456,ok
GSE224152,SLC2A1,osteo_lineage,52,0.06664855023140757,0.09615384615384616,ok
GSE224152,SLC2A1,immune,118,0.057396323789869544,0.0423728813559322,ok
GSE224152,SLC2A1,unassigned,1361,0.11079378682107238,0.06906686260102865,ok
GSE224152,SLC2A1,ALL,1766,0.10535731127098745,0.07304643261608154,ok
GSE224152,TDP1,MSC_stromal,122,0.012716686452794211,0.02459016393442623,ok
GSE224152,TDP1,endothelial,47,0.0,0.0,ok
GSE224152,TDP1,pericyte_mural,66,0.016429162413904963,0.030303030303030304,ok
GSE224152,TDP1,osteo_lineage,52,0.02176705184675197,0.019230769230769232,ok
GSE224152,TDP1,immune,118,0.022294648285984316,0.025423728813559324,ok
GSE224152,TDP1,unassigned,1361,0.019146521695976,0.01322556943423953,ok
GSE224152,TDP1,ALL,1766,0.018378726890463878,0.015288788221970554,ok
GSE224152,TP53,MSC_stromal,122,0.16728777746036275,0.19672131147540983,ok
GSE224152,TP53,endothelial,47,0.10673988652551857,0.10638297872340426,ok
GSE224152,TP53,pericyte_mural,66,0.17032099981209423,0.18181818181818182,ok
GSE224152,TP53,osteo_lineage,52,0.16938484187026143,0.17307692307692307,ok
GSE224152,TP53,immune,118,0.06783661641398785,0.0423728813559322,ok
GSE224152,TP53,unassigned,1361,0.09970092460235007,0.07641440117560618,ok
GSE224152,TP53,ALL,1766,0.10711934337619733,0.09003397508493771,ok
GSE224152,TRPC5,ALL,1766,,,not_mapped_in_matrix
GSE224152,TYR,ALL,1766,,,not_mapped_in_matrix
GSE224152,XDH,ALL,1766,,,not_mapped_in_matrix
GSE224152,YES1,MSC_stromal,122,0.02302347665338051,0.01639344262295082,ok
GSE224152,YES1,endothelial,47,0.04957057785545034,0.0425531914893617,ok
GSE224152,YES1,pericyte_mural,66,0.0,0.0,ok
GSE224152,YES1,osteo_lineage,52,0.04791324162513445,0.057692307692307696,ok
GSE224152,YES1,immune,118,0.013415230501589067,0.01694915254237288,ok
GSE224152,YES1,unassigned,1361,0.013452154710414591,0.011021307861866276,ok
GSE224152,YES1,ALL,1766,0.015584116441385812,0.013590033975084938,ok
