dataset,gene,donor,n_cells,mean_lognorm,pct_detected
GSE224152,ABCB1,0,269,0.0,0.0
GSE224152,ABCB1,1,823,0.002728536633085833,0.001215066828675577
GSE224152,ABCB1,2,119,0.011841902117370138,0.008403361344537815
GSE224152,ABCB1,3,96,0.0188799259921226,0.010416666666666666
GSE224152,ABCB1,4,459,0.0,0.0
GSE224152,ABCC1,0,269,0.0023808733859646226,0.0037174721189591076
GSE224152,ABCC1,1,823,0.005246395407357596,0.006075334143377886
GSE224152,ABCC1,2,119,0.01631197857926031,0.008403361344537815
GSE224152,ABCC1,3,96,0.0,0.0
GSE224152,ABCC1,4,459,0.0,0.0
GSE224152,ABCG2,0,269,0.0028069808291989943,0.0037174721189591076
GSE224152,ABCG2,1,823,0.009021023781522267,0.006075334143377886
GSE224152,ABCG2,2,119,0.022058533272689477,0.008403361344537815
GSE224152,ABCG2,3,96,0.0,0.0
GSE224152,ABCG2,4,459,0.008205072947191971,0.008714596949891068
GSE224152,AHR,0,269,0.0,0.0
GSE224152,AHR,1,823,0.007786188197956219,0.004860267314702308
GSE224152,AHR,2,119,0.037402056456067055,0.01680672268907563
GSE224152,AHR,3,96,0.03463716882528054,0.020833333333333332
GSE224152,AHR,4,459,0.01150780961263074,0.004357298474945534
GSE224152,AKR1B1,0,269,0.10067488125542437,0.07063197026022305
GSE224152,AKR1B1,1,823,0.03669693139263349,0.030376670716889428
GSE224152,AKR1B1,2,119,0.04475032550921453,0.025210084033613446
GSE224152,AKR1B1,3,96,0.058090395991608736,0.03125
GSE224152,AKR1B1,4,459,0.04052160113923937,0.026143790849673203
GSE224152,ALOX5,0,269,0.0030702747002917374,0.0037174721189591076
GSE224152,ALOX5,1,823,0.0019575210632848524,0.001215066828675577
GSE224152,ALOX5,2,119,0.011333262556565036,0.008403361344537815
GSE224152,ALOX5,3,96,0.0,0.0
GSE224152,ALOX5,4,459,0.004222365225812022,0.002178649237472767
GSE224152,CA2,0,269,1.1043341517739227,0.45724907063197023
GSE224152,CA2,1,823,0.6472255008335696,0.39611178614823817
GSE224152,CA2,2,119,0.9435750029477914,0.3277310924369748
GSE224152,CA2,3,96,0.25426034114334667,0.09375
GSE224152,CA2,4,459,0.29423635963742484,0.16339869281045752
GSE224152,CDC25B,0,269,0.01416435031124148,0.01486988847583643
GSE224152,CDC25B,1,823,0.007951515737575666,0.00850546780072904
GSE224152,CDC25B,2,119,0.09426740858436572,0.04201680672268908
GSE224152,CDC25B,3,96,0.0032209119923793527,0.010416666666666666
GSE224152,CDC25B,4,459,0.004874691932589451,0.006535947712418301
GSE224152,CES1,0,269,0.0,0.0
GSE224152,CES1,1,823,0.006112799603659361,0.002430133657351154
GSE224152,CES1,2,119,0.017097198108177107,0.008403361344537815
GSE224152,CES1,3,96,0.0,0.0
GSE224152,CES1,4,459,0.0,0.0
GSE224152,CISD1,0,269,0.09668003949016457,0.055762081784386616
GSE224152,CISD1,1,823,0.10392424769105166,0.10449574726609964
GSE224152,CISD1,2,119,0.004130940617844499,0.008403361344537815
GSE224152,CISD1,3,96,0.06020451155441423,0.03125
GSE224152,CISD1,4,459,0.07261819233947515,0.05228758169934641
GSE224152,CTDSP1,0,269,0.03183439570555327,0.022304832713754646
GSE224152,CTDSP1,1,823,0.04653820748274369,0.041312272174969626
GSE224152,CTDSP1,2,119,0.040045929305165505,0.01680672268907563
GSE224152,CTDSP1,3,96,0.0,0.0
GSE224152,CTDSP1,4,459,0.025072030362366216,0.017429193899782137
GSE224152,CYP1B1,0,269,0.0,0.0
GSE224152,CYP1B1,1,823,0.05087194147046357,0.020656136087484813
GSE224152,CYP1B1,2,119,0.02388483072032983,0.008403361344537815
GSE224152,CYP1B1,3,96,0.03433464373529427,0.010416666666666666
GSE224152,CYP1B1,4,459,0.0066876417241927945,0.002178649237472767
GSE224152,DAPK1,0,269,0.017440325905671003,0.011152416356877323
GSE224152,DAPK1,1,823,0.003162217394132908,0.002430133657351154
GSE224152,DAPK1,2,119,0.0,0.0
GSE224152,DAPK1,3,96,0.0,0.0
GSE224152,DAPK1,4,459,0.015736441416318556,0.008714596949891068
GSE224152,DUSP3,0,269,0.017868236595431408,0.011152416356877323
GSE224152,DUSP3,1,823,0.009048970948081653,0.012150668286755772
GSE224152,DUSP3,2,119,0.010877772875173821,0.008403361344537815
GSE224152,DUSP3,3,96,0.043996697867293544,0.03125
GSE224152,DUSP3,4,459,0.000896880583291464,0.002178649237472767
GSE224152,ESRRA,0,269,0.0017600906682038705,0.0037174721189591076
GSE224152,ESRRA,1,823,0.01321250969225478,0.013365735115431349
GSE224152,ESRRA,2,119,0.0,0.0
GSE224152,ESRRA,3,96,0.016914347842285574,0.010416666666666666
GSE224152,ESRRA,4,459,0.015348378307865703,0.015250544662309368
GSE224152,F3,0,269,0.0,0.0
GSE224152,F3,1,823,0.0,0.0
GSE224152,F3,2,119,0.0,0.0
GSE224152,F3,3,96,0.0,0.0
GSE224152,F3,4,459,0.013174083819754512,0.006535947712418301
GSE224152,FTO,0,269,0.020834085428399082,0.01858736059479554
GSE224152,FTO,1,823,0.024731189052999213,0.023086269744835967
GSE224152,FTO,2,119,0.08127471098031894,0.04201680672268908
GSE224152,FTO,3,96,0.0,0.0
GSE224152,FTO,4,459,0.010023108312631087,0.013071895424836602
GSE224152,FUNDC1,0,269,0.08412120116808523,0.06691449814126393
GSE224152,FUNDC1,1,823,0.06540383700367892,0.06804374240583232
GSE224152,FUNDC1,2,119,0.0098441375827189,0.008403361344537815
GSE224152,FUNDC1,3,96,0.0,0.0
GSE224152,FUNDC1,4,459,0.04572970538252502,0.034858387799564274
GSE224152,HDAC6,0,269,0.017178977337764165,0.022304832713754646
GSE224152,HDAC6,1,823,0.01920735505565315,0.019441069258809233
GSE224152,HDAC6,2,119,0.023994294654152103,0.008403361344537815
GSE224152,HDAC6,3,96,0.0,0.0
GSE224152,HDAC6,4,459,0.022050427663342725,0.015250544662309368
GSE224152,HIF1A,0,269,0.07913800643347334,0.055762081784386616
GSE224152,HIF1A,1,823,0.0384674593999751,0.031591737545565005
GSE224152,HIF1A,2,119,0.07974335494943297,0.04201680672268908
GSE224152,HIF1A,3,96,0.12980258426828983,0.0625
GSE224152,HIF1A,4,459,0.05563709437807459,0.034858387799564274
GSE224152,HSD17B1,0,269,0.0,0.0
GSE224152,HSD17B1,1,823,0.01643841718598825,0.013365735115431349
GSE224152,HSD17B1,2,119,0.0,0.0
GSE224152,HSD17B1,3,96,0.0,0.0
GSE224152,HSD17B1,4,459,0.014475425712944006,0.004357298474945534
GSE224152,IP6K2,0,269,0.17919733185935763,0.10408921933085502
GSE224152,IP6K2,1,823,0.19315037260203669,0.15066828675577157
GSE224152,IP6K2,2,119,0.08204724999582881,0.03361344537815126
GSE224152,IP6K2,3,96,0.11329188142142772,0.0625
GSE224152,IP6K2,4,459,0.053333617672822964,0.04139433551198257
GSE224152,IPMK,0,269,0.0,0.0
GSE224152,IPMK,1,823,0.013628650532793768,0.010935601458080195
GSE224152,IPMK,2,119,0.0,0.0
GSE224152,IPMK,3,96,0.00947582002375829,0.020833333333333332
GSE224152,IPMK,4,459,0.013993662535722895,0.008714596949891068
GSE224152,L3MBTL1,0,269,0.0,0.0
GSE224152,L3MBTL1,1,823,0.006834095577072616,0.007290400972053463
GSE224152,L3MBTL1,2,119,0.0,0.0
GSE224152,L3MBTL1,3,96,0.0,0.0
GSE224152,L3MBTL1,4,459,0.0,0.0
GSE224152,LMNA,0,269,0.8919739471912586,0.3903345724907063
GSE224152,LMNA,1,823,0.468437335491857,0.31713244228432563
GSE224152,LMNA,2,119,0.6058582729389963,0.24369747899159663
GSE224152,LMNA,3,96,0.2549624451749004,0.11458333333333333
GSE224152,LMNA,4,459,0.32634974106773856,0.18082788671023964
GSE224152,MPO,0,269,0.0,0.0
GSE224152,MPO,1,823,0.008276255856285452,0.006075334143377886
GSE224152,MPO,2,119,0.04613958702117654,0.01680672268907563
GSE224152,MPO,3,96,0.0,0.0
GSE224152,MPO,4,459,0.05539552327012744,0.026143790849673203
GSE224152,PKM,0,269,0.023239978715011128,0.01858736059479554
GSE224152,PKM,1,823,0.03785757291616921,0.018226002430133656
GSE224152,PKM,2,119,0.1485550022238072,0.06722689075630252
GSE224152,PKM,3,96,0.32934221595874286,0.15625
GSE224152,PKM,4,459,0.11037323541444936,0.06318082788671024
GSE224152,PLA2G1B,0,269,0.008843940533970931,0.0037174721189591076
GSE224152,PLA2G1B,1,823,0.004375698571932016,0.006075334143377886
GSE224152,PLA2G1B,2,119,0.0,0.0
GSE224152,PLA2G1B,3,96,0.0,0.0
GSE224152,PLA2G1B,4,459,0.0014164086209341794,0.002178649237472767
GSE224152,POLB,0,269,0.004779468423672002,0.0037174721189591076
GSE224152,POLB,1,823,0.03606461908096804,0.03402187120291616
GSE224152,POLB,2,119,0.017097198108177107,0.008403361344537815
GSE224152,POLB,3,96,0.015066698130951696,0.010416666666666666
GSE224152,POLB,4,459,0.01857611620441753,0.013071895424836602
GSE224152,PTPN1,0,269,0.03238010106586039,0.040892193308550186
GSE224152,PTPN1,1,823,0.029490494774452775,0.032806804374240585
GSE224152,PTPN1,2,119,0.053776351134192234,0.025210084033613446
GSE224152,PTPN1,3,96,0.0,0.0
GSE224152,PTPN1,4,459,0.03369610497154247,0.0196078431372549
GSE224152,PTPN2,0,269,0.11375975355940203,0.09293680297397769
GSE224152,PTPN2,1,823,0.0653439329263685,0.0583232077764277
GSE224152,PTPN2,2,119,0.11761231505011224,0.05042016806722689
GSE224152,PTPN2,3,96,0.18683327865112365,0.09375
GSE224152,PTPN2,4,459,0.06514236858103802,0.0457516339869281
GSE224152,PTPRC,0,269,0.028811293508027275,0.01858736059479554
GSE224152,PTPRC,1,823,0.020995872654594388,0.014580801944106925
GSE224152,PTPRC,2,119,0.17605772529835614,0.07563025210084033
GSE224152,PTPRC,3,96,0.16864220435844487,0.10416666666666667
GSE224152,PTPRC,4,459,0.0014830250693511223,0.002178649237472767
GSE224152,RELA,0,269,0.054787110857029905,0.04460966542750929
GSE224152,RELA,1,823,0.014902958189301804,0.019441069258809233
GSE224152,RELA,2,119,0.029446716964535425,0.01680672268907563
GSE224152,RELA,3,96,0.013054690749828927,0.020833333333333332
GSE224152,RELA,4,459,0.023580006309689122,0.015250544662309368
GSE224152,RPS6KA3,0,269,0.01614311516120381,0.011152416356877323
GSE224152,RPS6KA3,1,823,0.039378069673442276,0.03523693803159174
GSE224152,RPS6KA3,2,119,0.01070769544656469,0.01680672268907563
GSE224152,RPS6KA3,3,96,0.06784251942283014,0.041666666666666664
GSE224152,RPS6KA3,4,459,0.01120513312762233,0.008714596949891068
GSE224152,SLC2A1,0,269,0.21316607483249103,0.13382899628252787
GSE224152,SLC2A1,1,823,0.0867763041657247,0.07411907654921021
GSE224152,SLC2A1,2,119,0.3091420594575622,0.14285714285714285
GSE224152,SLC2A1,3,96,0.01820557371120408,0.010416666666666666
GSE224152,SLC2A1,4,459,0.040886272537051876,0.030501089324618737
GSE224152,TDP1,0,269,0.03218357105707191,0.01858736059479554
GSE224152,TDP1,1,823,0.014431866277255229,0.015795868772782502
GSE224152,TDP1,2,119,0.030308932723206634,0.01680672268907563
GSE224152,TDP1,3,96,0.0,0.0
GSE224152,TDP1,4,459,0.018116039507547328,0.015250544662309368
GSE224152,TP53,0,269,0.1913683396144858,0.13011152416356878
GSE224152,TP53,1,823,0.12501212815193602,0.12029161603888214
GSE224152,TP53,2,119,0.037546497784280125,0.01680672268907563
GSE224152,TP53,3,96,0.02919590729722149,0.020833333333333332
GSE224152,TP53,4,459,0.059997505969851574,0.0457516339869281
GSE224152,YES1,0,269,0.01964052561101372,0.01486988847583643
GSE224152,YES1,1,823,0.024533116483661455,0.020656136087484813
GSE224152,YES1,2,119,0.0,0.0
GSE224152,YES1,3,96,0.011098078709310599,0.010416666666666666
GSE224152,YES1,4,459,0.002139603102347409,0.004357298474945534
