target,herbs,ot_genetic_association,gwas_catalog_bone_gene,has_significant_cis_eqtl,max_pchembl,osteoclast_delta_d9_vs_d0,human_genetics_support,causal_grade,pharmacology_direction_hypothesis
GPBAR1,牛膝,0.0,True,True,5.65,-2.362010907931194,True,B_partial_genetics_or_omics_support,down_in_osteoclastogenesis:activate_or_context_dependent
FTO,骨碎补,0.0,True,True,5.55,2.472146115987655,True,B_partial_genetics_or_omics_support,up_in_osteoclastogenesis:inhibit_to_reduce_resorption
LMNA,骨碎补,0.0,True,True,5.45,-0.3539206049418378,True,B_partial_genetics_or_omics_support,direction_uncertain_requires_MR_beta
CYP2C9,骨碎补,0.0,False,False,8.9,,False,C_pharmacology_or_prediction_only,direction_uncertain_requires_MR_beta
CA7,骨碎补,0.0,False,False,8.37,,False,C_pharmacology_or_prediction_only,direction_uncertain_requires_MR_beta
F3,牛膝,0.0,False,True,8.3,3.461274861944635,False,C_pharmacology_or_prediction_only,up_in_osteoclastogenesis:inhibit_to_reduce_resorption
AHR,骨碎补,0.0,False,True,7.55,-2.796628427438935,False,C_pharmacology_or_prediction_only,down_in_osteoclastogenesis:activate_or_context_dependent
CA12,骨碎补,0.0,False,False,7.51,,False,C_pharmacology_or_prediction_only,direction_uncertain_requires_MR_beta
CYP1B1,骨碎补,0.0,False,True,7.37,0.4786094977508931,False,C_pharmacology_or_prediction_only,direction_uncertain_requires_MR_beta
L3MBTL1,杜仲,0.0,False,False,7.2,-0.0234171997879859,False,C_pharmacology_or_prediction_only,direction_uncertain_requires_MR_beta
AKR1B10,杜仲;牛膝,0.0,False,False,7.14,,False,C_pharmacology_or_prediction_only,direction_uncertain_requires_MR_beta
CA4,骨碎补,0.0,False,False,7.14,-0.6346932888307268,False,C_pharmacology_or_prediction_only,direction_uncertain_requires_MR_beta
FUNDC1,牛膝,0.0,False,False,7.14,1.4151481782582822,False,C_pharmacology_or_prediction_only,up_in_osteoclastogenesis:inhibit_to_reduce_resorption
CYP1A2,骨碎补,0.0,False,False,7.1,,False,C_pharmacology_or_prediction_only,direction_uncertain_requires_MR_beta
CES1,牛膝,0.0,False,False,7.0,-4.290111606087074,False,C_pharmacology_or_prediction_only,down_in_osteoclastogenesis:activate_or_context_dependent
PTPN1,杜仲;牛膝,0.0,False,True,7.0,0.3130878379248815,False,C_pharmacology_or_prediction_only,direction_uncertain_requires_MR_beta
CISD1,骨碎补,0.0,False,True,6.88,3.138247400336569,False,C_pharmacology_or_prediction_only,up_in_osteoclastogenesis:inhibit_to_reduce_resorption
AKR1B1,杜仲;骨碎补,0.0,False,True,6.52,1.4388096559173325,False,C_pharmacology_or_prediction_only,up_in_osteoclastogenesis:inhibit_to_reduce_resorption
HSD17B2,骨碎补,0.0,False,False,6.44,,False,C_pharmacology_or_prediction_only,direction_uncertain_requires_MR_beta
DPP4,骨碎补,0.0,False,False,6.31,9.07914257401653,False,C_pharmacology_or_prediction_only,up_in_osteoclastogenesis:inhibit_to_reduce_resorption
CYP1A1,骨碎补,0.0,False,True,6.2,,False,C_pharmacology_or_prediction_only,direction_uncertain_requires_MR_beta
PKM,骨碎补,0.0,False,False,6.19,1.838126354146772,False,C_pharmacology_or_prediction_only,up_in_osteoclastogenesis:inhibit_to_reduce_resorption
PTPN2,牛膝,0.0,False,False,6.16,-1.2844852158188809,False,C_pharmacology_or_prediction_only,down_in_osteoclastogenesis:activate_or_context_dependent
CDC25B,牛膝,0.0,False,True,6.01,0.4398200783273321,False,C_pharmacology_or_prediction_only,direction_uncertain_requires_MR_beta
PTPRC,牛膝,0.0,False,True,6.0,-0.7344769803152452,False,C_pharmacology_or_prediction_only,direction_uncertain_requires_MR_beta
TYR,骨碎补,0.0,False,False,6.0,,False,C_pharmacology_or_prediction_only,direction_uncertain_requires_MR_beta
HSD17B1,骨碎补,0.0,False,False,5.98,0.5150416525091053,False,C_pharmacology_or_prediction_only,direction_uncertain_requires_MR_beta
XDH,骨碎补,0.0,False,False,5.97,,False,C_pharmacology_or_prediction_only,direction_uncertain_requires_MR_beta
NOX4,骨碎补,0.0,False,False,5.92,,False,C_pharmacology_or_prediction_only,direction_uncertain_requires_MR_beta
HIF1A,骨碎补,0.0,False,False,5.8,-2.178164644937408,False,C_pharmacology_or_prediction_only,down_in_osteoclastogenesis:activate_or_context_dependent
HDAC6,骨碎补,0.0,False,False,5.77,-0.1296650179722409,False,C_pharmacology_or_prediction_only,direction_uncertain_requires_MR_beta
RPS6KA3,骨碎补,0.0,False,False,5.77,0.5540790745280477,False,C_pharmacology_or_prediction_only,direction_uncertain_requires_MR_beta
TDP1,骨碎补,0.0,False,False,5.7,0.5781789076617856,False,C_pharmacology_or_prediction_only,direction_uncertain_requires_MR_beta
MPO,骨碎补,0.0,False,True,5.65,-1.295643313184884,False,C_pharmacology_or_prediction_only,down_in_osteoclastogenesis:activate_or_context_dependent
FLT3,骨碎补,0.0,False,False,5.63,-1.996309698076029,False,C_pharmacology_or_prediction_only,down_in_osteoclastogenesis:activate_or_context_dependent
ABCC1,骨碎补,0.0,False,True,5.62,,False,C_pharmacology_or_prediction_only,direction_uncertain_requires_MR_beta
RELA,牛膝,0.0,False,False,5.62,-1.6173797466034765,False,C_pharmacology_or_prediction_only,down_in_osteoclastogenesis:activate_or_context_dependent
IP6K2,骨碎补,0.0,False,True,5.6,-0.8785361894253215,False,C_pharmacology_or_prediction_only,direction_uncertain_requires_MR_beta
ALOX5,骨碎补,0.0,False,True,5.57,-2.736817047264051,False,C_pharmacology_or_prediction_only,down_in_osteoclastogenesis:activate_or_context_dependent
PLA2G1B,牛膝,0.0,False,False,5.52,,False,C_pharmacology_or_prediction_only,direction_uncertain_requires_MR_beta
POLB,牛膝,0.0,False,True,5.52,-0.1377185797452948,False,C_pharmacology_or_prediction_only,direction_uncertain_requires_MR_beta
TRPC5,骨碎补,0.0,False,False,5.41,,False,C_pharmacology_or_prediction_only,direction_uncertain_requires_MR_beta
SLC2A1,骨碎补,0.0,False,False,5.4,1.352202858192483,False,C_pharmacology_or_prediction_only,up_in_osteoclastogenesis:inhibit_to_reduce_resorption
TP53,骨碎补,0.0,False,False,5.4,0.9174943806155096,False,C_pharmacology_or_prediction_only,direction_uncertain_requires_MR_beta
IPMK,骨碎补,0.0,False,False,5.36,-1.4097550549444011,False,C_pharmacology_or_prediction_only,down_in_osteoclastogenesis:activate_or_context_dependent
ABCG2,骨碎补,0.0,False,False,5.33,1.7354886357880237,False,C_pharmacology_or_prediction_only,up_in_osteoclastogenesis:inhibit_to_reduce_resorption
DUSP3,牛膝,0.0,False,False,5.27,0.4819610298168147,False,C_pharmacology_or_prediction_only,direction_uncertain_requires_MR_beta
CYP2C19,骨碎补,0.0,False,False,5.2,,False,C_pharmacology_or_prediction_only,direction_uncertain_requires_MR_beta
ABCB1,骨碎补,0.0,False,False,5.17,0.0015788344948444,False,C_pharmacology_or_prediction_only,direction_uncertain_requires_MR_beta
YES1,骨碎补,0.0,False,True,5.17,,False,C_pharmacology_or_prediction_only,direction_uncertain_requires_MR_beta
ALOX15,骨碎补,0.0,False,False,5.1,,False,C_pharmacology_or_prediction_only,direction_uncertain_requires_MR_beta
CYP3A4,骨碎补,0.0,False,False,5.1,,False,C_pharmacology_or_prediction_only,direction_uncertain_requires_MR_beta
CA2,骨碎补,0.0,False,True,5.02,5.374828927345986,False,C_pharmacology_or_prediction_only,up_in_osteoclastogenesis:inhibit_to_reduce_resorption
ESRRA,骨碎补,0.0,False,False,5.02,0.6281804494823799,False,C_pharmacology_or_prediction_only,direction_uncertain_requires_MR_beta
AR,骨碎补,0.0,False,False,5.01,0.0005182096954614,False,C_pharmacology_or_prediction_only,direction_uncertain_requires_MR_beta
CTDSP1,骨碎补,0.0,False,False,5.0,-1.519058348241259,False,C_pharmacology_or_prediction_only,down_in_osteoclastogenesis:activate_or_context_dependent
CYP2D6,骨碎补,0.0,False,False,5.0,-0.1457782212704449,False,C_pharmacology_or_prediction_only,direction_uncertain_requires_MR_beta
DAPK1,骨碎补,0.0,False,True,5.0,0.6791917880483129,False,C_pharmacology_or_prediction_only,direction_uncertain_requires_MR_beta
