target,ensembl_id,overall_association_score,genetic_association,genetic_literature,rna_expression,animal_model,known_drug
LRP5,ENSG00000162337,0.7852473691585107,0.8742248030738342,0.607930797611621,0.0,0.8817037738619451,0.0
SLC34A1,ENSG00000131183,0.7694997049225367,0.8896861778585683,0.8139517901355594,0.0,0.4959334798991251,0.0
PLS3,ENSG00000102024,0.7479704699815767,0.8014379021903634,0.7692185602432756,0.0,0.7748506140058953,0.0
TNFSF11,ENSG00000120659,0.7310068313868319,0.7586433143622748,0.0,0.0,0.464845840910426,0.0
ESR1,ENSG00000091831,0.7151185013089664,0.6531841285466375,0.0,0.0,0.6182173646267052,0.0
COL1A1,ENSG00000108821,0.702238071011831,0.9243430191153519,0.607930797611621,0.0,0.669710982277236,0.0
COL1A2,ENSG00000164692,0.6820049558393122,0.9151153706917531,0.7599134970145264,0.0,0.6099420691942055,0.0
WNT1,ENSG00000125084,0.6456073145951026,0.7255979471443891,0.607930797611621,0.0,0.0,0.0
NHERF1,ENSG00000109062,0.6437360926228046,0.7569211877829362,0.607930797611621,0.0,0.418712336855004,0.0
SOST,ENSG00000167941,0.6391121376006254,0.22702007938059407,0.0,0.0,0.6363740820057925,0.0
CALCR,ENSG00000004948,0.6284065218848808,0.3525998626147402,0.0,0.0,0.600444805317698,0.0
VDR,ENSG00000111424,0.6228905646570332,0.0,0.0,0.0,0.6575974845021673,0.0
PTH1R,ENSG00000160801,0.6168352826050348,0.0,0.0,0.0,0.3769018962492648,0.0
ESR2,ENSG00000140009,0.6133167760262854,0.0,0.0,0.0,0.0,0.0
FDPS,ENSG00000160752,0.6117856629678046,0.0,0.0,0.0,0.0,0.0
SPP1,ENSG00000118785,0.5724081652645986,0.895986569849556,0.0,0.0,0.6346831300998526,0.0
COPB2,ENSG00000184432,0.5445809174624211,0.0,0.8897742701710087,0.0,0.0,0.0
TNFRSF11A,ENSG00000141655,0.5309341999215937,0.838696615938588,0.0,0.0,0.0,0.0
AR,ENSG00000169083,0.48935523253171564,0.0,0.0,0.0,0.0,0.0
RSPO3,ENSG00000146374,0.4854537509687868,0.7942190991893504,0.0,0.0,0.0,0.0
TNFRSF11B,ENSG00000164761,0.47200529987615936,0.7171369312706517,0.0,0.0,0.7307605459402319,0.0
WNT16,ENSG00000002745,0.46408830538482654,0.7422667763657107,0.0,0.0,0.0,0.0
FAM3C,ENSG00000196937,0.4556944033448106,0.7473113942049704,0.0,0.0,0.0,0.0
SLC1A3,ENSG00000079215,0.4456522459313072,0.7330641047996616,0.0,0.0,0.0,0.0
PGR,ENSG00000082175,0.4441745404829242,0.0,0.0,0.0,0.0,0.0
SH2B3,ENSG00000111252,0.44400277310175035,0.7303508472446287,0.0,0.0,0.0,0.0
WLS,ENSG00000116729,0.44347683962016404,0.725048676128945,0.0,0.0,0.0,0.0
AQP1,ENSG00000240583,0.4305057935146686,0.7075414098937921,0.0,0.0,0.0,0.0
CCDC170,ENSG00000120262,0.42428779934764516,0.6866683341090893,0.0,0.0,0.0,0.0
CYP19A1,ENSG00000137869,0.4235226120120589,0.6825974987491401,0.0,0.0,0.0,0.0
CTNNB1,ENSG00000168036,0.41722179736464854,0.6532784217688115,0.0,0.0,0.38931888279048216,0.0
CTSK,ENSG00000143387,0.40006847783719285,0.0,0.0,0.0,0.5948238416658879,0.0
SOX6,ENSG00000110693,0.398536180192446,0.6320583859578452,0.0,0.0,0.0,0.0
JAG1,ENSG00000101384,0.39603960712878145,0.6381909603594138,0.0,0.0,0.0,0.0
LGR4,ENSG00000205213,0.3955560671702674,0.48310375025621133,0.3039653988058105,0.0,0.0,0.0
TMEM135,ENSG00000166575,0.3883815854774906,0.6376507989800981,0.0,0.0,0.0,0.0
WNT11,ENSG00000085741,0.37303953276883356,0.0,0.607930797611621,0.0,0.0,0.0
CCR1,ENSG00000163823,0.35540036691603355,0.583437194487577,0.0,0.0,0.0,0.0
IFITM5,ENSG00000206013,0.34199995802885597,0.5592963338026914,0.0,0.0,0.0,0.0
SLC34A3,ENSG00000198569,0.34100224641281335,0.5592963338026914,0.0,0.0,0.0,0.0
SEM1,ENSG00000127922,0.33977859140451033,0.5576941208228401,0.0,0.0,0.0,0.0
GHR,ENSG00000112964,0.3347751851751237,0.0,0.0,0.0,0.0,0.0
CDK9,ENSG00000136807,0.333361028925601,0.547137717850459,0.0,0.0,0.0,0.0
MIR2861,ENSG00000284547,0.3326218692162316,0.547137717850459,0.0,0.0,0.0,0.0
GALNT3,ENSG00000115339,0.3289988041163961,0.5239851398235759,0.0,0.0,0.0,0.0
ZBTB40,ENSG00000184677,0.32840408421646144,0.5095228226223285,0.0,0.0,0.5426815175560994,0.0
SLC25A13,ENSG00000004864,0.32689553943863814,0.5377183401842994,0.0,0.0,0.0,0.0
HOXC6,ENSG00000197757,0.32472694999341734,0.5341511752146342,0.0,0.0,0.0,0.0
GUCY1B1,ENSG00000061918,0.3233823728491141,0.0,0.0,0.0,0.0,0.0
GUCY1A2,ENSG00000152402,0.3233823728491141,0.0,0.0,0.0,0.0,0.0
GUCY1A1,ENSG00000164116,0.3233823728491141,0.0,0.0,0.0,0.0,0.0
CFAP97D1,ENSG00000231256,0.31833676458865906,0.5236398054504054,0.0,0.0,0.0,0.0
FGFRL1,ENSG00000127418,0.31271550137426085,0.4900599797799368,0.0,0.0,0.3246350459246057,0.0
COLEC10,ENSG00000184374,0.3051327861275696,0.5000964711081186,0.0,0.0,0.0,0.0
ALDH7A1,ENSG00000164904,0.30266773429361765,0.4910449693557685,0.0,0.0,0.0,0.0
EN1,ENSG00000163064,0.3015768517928854,0.4883277563034425,0.0,0.0,0.0,0.0
CASR,ENSG00000036828,0.2975134988775017,0.0,0.0,0.0,0.44451731051695725,0.0
CRELD2,ENSG00000184164,0.2952176129081495,0.48302685055501493,0.0,0.0,0.0,0.0
PDZRN4,ENSG00000165966,0.28930310797159947,0.4758816449309447,0.0,0.0,0.0,0.0
UGT8,ENSG00000174607,0.2888107277648558,0.47446378608119605,0.0,0.0,0.0,0.0
NFATC1,ENSG00000131196,0.28603045205786326,0.4593589819876443,0.0,0.0,0.0,0.0
FMN2,ENSG00000155816,0.2794498259730338,0.4596737442335689,0.0,0.0,0.0,0.0
DDN,ENSG00000181418,0.27660729708344206,0.45499800005222585,0.0,0.0,0.0,0.0
STK39,ENSG00000198648,0.2698200182167301,0.4188751965816267,0.0,0.0,0.47214575571938006,0.0
DPP4,ENSG00000197635,0.2697023872895011,0.0,0.0,0.0,0.0,0.0
RPS6KA5,ENSG00000100784,0.26851473934612036,0.4410784262697302,0.0,0.0,0.0,0.0
AXIN1,ENSG00000103126,0.2677079967912162,0.41124083771725395,0.0,0.0,0.41576387248658764,0.0
SRC,ENSG00000197122,0.2653043612432015,0.42555155832813474,0.0,0.0,0.0,0.0
OFD1,ENSG00000046651,0.25870589827929125,0.42555155832813474,0.0,0.0,0.0,0.0
VTI1A,ENSG00000151532,0.25866423852847287,0.4239632042073636,0.0,0.0,0.0,0.0
SP7,ENSG00000170374,0.25692233981350165,0.4011822917082619,0.0,0.0,0.309011224425987,0.0
CSMD1,ENSG00000183117,0.24787838197816317,0.4062212891856471,0.0,0.0,0.0,0.0
KAT2B,ENSG00000114166,0.24731383199315146,0.40133072879526704,0.0,0.0,0.0,0.0
QTMAN,ENSG00000121964,0.24670610858458394,0.4058128154615932,0.0,0.0,0.0,0.0
IDUA,ENSG00000127415,0.24650549407529856,0.37245556533866253,0.0,0.0,0.6417067403612923,0.0
PPP6R3,ENSG00000110075,0.24334547929728864,0.39937293927058065,0.0,0.0,0.0,0.0
CCND2,ENSG00000118971,0.24176077546898206,0.3976781180009108,0.0,0.0,0.0,0.0
TLE3,ENSG00000140332,0.23738819894253835,0.3904855616382092,0.0,0.0,0.0,0.0
WNT4,ENSG00000162552,0.23671356528726353,0.3805526167102015,0.0,0.0,0.0,0.0
STARD13,ENSG00000133121,0.23553552045975176,0.3868301154160374,0.0,0.0,0.0,0.0
SETD4,ENSG00000185917,0.22870868920231882,0.3762084271776444,0.0,0.0,0.0,0.0
SOX4,ENSG00000124766,0.2265794915078322,0.34513947047234367,0.0,0.0,0.0,0.0
HDAC5,ENSG00000108840,0.22207572951639032,0.3612120794562127,0.0,0.0,0.0,0.0
GLDN,ENSG00000186417,0.2213851964863872,0.36416183775545446,0.0,0.0,0.0,0.0
C3orf38,ENSG00000179021,0.2105193988286736,0.34628842568223484,0.0,0.0,0.0,0.0
API5,ENSG00000166181,0.20758837334953134,0.3414671113309018,0.0,0.0,0.0,0.0
STARD3NL,ENSG00000010270,0.2054924212712147,0.3243958690094029,0.0,0.0,0.0,0.0
AKAP11,ENSG00000023516,0.1982388574865575,0.3226083133755323,0.0,0.0,0.0,0.0
SPRED1,ENSG00000166068,0.19184581613785218,0.3149638693012766,0.0,0.0,0.0,0.0
P4HA2,ENSG00000072682,0.1847899273423509,0.3039653988058105,0.0,0.0,0.0,0.0
SRPK3,ENSG00000184343,0.17927646916671033,0.2948961787608625,0.0,0.0,0.0,0.0
LRP4,ENSG00000134569,0.1620324714693371,0.25528675595149786,0.0,0.0,0.0,0.0
DAG1,ENSG00000173402,0.16171092067623175,0.2660021853006062,0.0,0.0,0.0,0.0
PKDCC,ENSG00000162878,0.16020521274584165,0.26094170419833856,0.0,0.0,0.0,0.0
STX19,ENSG00000178750,0.15882241398366254,0.26125081112460247,0.0,0.0,0.0,0.0
CCR3,ENSG00000183625,0.1553717969597064,0.2541014203003701,0.0,0.0,0.0,0.0
MARK3,ENSG00000075413,0.14269760030679082,0.23123685651564352,0.0,0.0,0.0,0.0
FOXL1,ENSG00000176678,0.14140775983870374,0.22060683763532113,0.0,0.0,0.0,0.0
SERPINF1,ENSG00000132386,0.14070264067325622,0.2279740491043579,0.0,0.0,0.0,0.0
TMCO5A,ENSG00000166069,0.13767370377947724,0.2264627887258816,0.0,0.0,0.0,0.0
HBQ1,ENSG00000086506,0.13264641022140167,0.21819327256084062,0.0,0.0,0.0,0.0
FOXC2,ENSG00000176692,0.13183746054083548,0.198758807875418,0.0,0.0,0.306761880474824,0.0
RYR1,ENSG00000196218,0.13168761588001013,0.19453785523571876,0.0,0.0,0.425353980818911,0.0
HOXC5,ENSG00000172789,0.12990271752043903,0.21368010640485413,0.0,0.0,0.0,0.0
LIN7C,ENSG00000148943,0.12644518353854234,0.18633975036198183,0.0,0.0,0.43305950367863827,0.0
CKB,ENSG00000166165,0.1237222181060597,0.19953677353831506,0.0,0.0,0.0,0.0
ETS2,ENSG00000157557,0.1231777862742049,0.20261810514968762,0.0,0.0,0.0,0.0
GREM2,ENSG00000180875,0.12197581376065876,0.18574959652264258,0.0,0.0,0.0,0.0
MEPE,ENSG00000152595,0.12158630865433784,0.1971069642752681,0.0,0.0,0.0,0.0
OPA1,ENSG00000198836,0.1203906376635416,0.19453785523571876,0.0,0.0,0.0,0.0
SUPT3H,ENSG00000196284,0.11991285174099062,0.19663960496154465,0.0,0.0,0.0,0.0
GAS5,ENSG00000234741,0.11734863709470414,0.0,0.0,0.0,0.5827289926226981,0.0
CBR1,ENSG00000159228,0.11591178927754274,0.19066609181986768,0.0,0.0,0.0,0.0
MIMS1,ENSG00000177150,0.11214242704795267,0.15587634873820375,0.0,0.0,0.562331867370899,0.0
UBA7,ENSG00000182179,0.10735589164853879,0.17537642830077824,0.0,0.0,0.0,0.0
ZDHHC6,ENSG00000023041,0.10679146339684145,0.17566384828074721,0.0,0.0,0.0,0.0
IGF1,ENSG00000017427,0.10600281406553741,0.0,0.0,0.0,0.0,0.0
ASB16,ENSG00000161664,0.10553556346594008,0.17162221316655396,0.0,0.0,0.0,0.0
IL6,ENSG00000136244,0.10527003389845234,0.0,0.0,0.0,0.0,0.0
GPR78,ENSG00000155269,0.10397494297531132,0.17103088605446193,0.0,0.0,0.0,0.0
BGLAP,ENSG00000242252,0.10377377793663277,0.0,0.0,0.0,0.0,0.0
CYP27B1,ENSG00000111012,0.1030813526177275,0.0,0.0,0.0,0.8388716563627832,0.0
GCG,ENSG00000115263,0.10097608727976116,0.0,0.0,0.0,0.0,0.0
CST3,ENSG00000101439,0.09995833812991622,0.0,0.0,0.0,0.0,0.0
CD40LG,ENSG00000102245,0.09860586458080721,0.0,0.0,0.0,0.7113769269509786,0.0
POSTN,ENSG00000133110,0.09858270867435986,0.0,0.0,0.0,0.5095238742015326,0.0
FHL2,ENSG00000115641,0.09842724811256057,0.0,0.0,0.0,0.8049672653124902,0.0
MESP2,ENSG00000188095,0.09806301519005237,0.0,0.0,0.0,0.8065310687936252,0.0
MALAT1,ENSG00000251562,0.09775896903855873,0.0,0.0,0.0,0.0,0.0
FBXL14,ENSG00000171823,0.09766850753699424,0.1606572786256342,0.0,0.0,0.0,0.0
PPARG,ENSG00000132170,0.09671246971297061,0.0,0.0,0.0,0.0,0.0
APPL1,ENSG00000157500,0.09547746498138733,0.0,0.0,0.0,0.0,0.0
PAX1,ENSG00000125813,0.09522583915584751,0.0,0.0,0.0,0.7831963730901729,0.0
LRP6,ENSG00000070018,0.09521639332301114,0.0,0.0,0.0,0.7308901959528201,0.0
TTR,ENSG00000118271,0.09484642930603417,0.0,0.0,0.0,0.0,0.0
RUNX2,ENSG00000124813,0.09481355270879953,0.05622122508079459,0.0,0.0,0.5339890697073494,0.0
FGF21,ENSG00000105550,0.09480161304311738,0.0,0.0,0.0,0.0,0.0
FGF2,ENSG00000138685,0.09445782500943051,0.0,0.0,0.0,0.45097826393824075,0.0
CDX1,ENSG00000113722,0.0940556922769091,0.0,0.0,0.0,0.7735723592753146,0.0
FGFR1,ENSG00000077782,0.09355938438293193,0.0,0.0,0.0,0.7243394999832505,0.0
TRAF6,ENSG00000175104,0.09303104634345614,0.0,0.0,0.0,0.0,0.0
PHC2,ENSG00000134686,0.09301549155502026,0.0,0.0,0.0,0.765017103266115,0.0
HOXC9,ENSG00000180806,0.09254198944135628,0.11402089794981192,0.0,0.0,0.6185966057163849,0.0
APOA1,ENSG00000118137,0.09229411249385767,0.0,0.0,0.0,0.0,0.0
HOXC4,ENSG00000198353,0.09113796746107419,0.044933058940516656,0.0,0.0,0.6920578994208774,0.0
CSRNP3,ENSG00000178662,0.09111777958950937,0.14988182856911342,0.0,0.0,0.0,0.0
HES7,ENSG00000179111,0.09108483982336892,0.0,0.0,0.0,0.7491382257751548,0.0
LEP,ENSG00000174697,0.09101784943610061,0.0,0.0,0.0,0.0,0.0
PCSK9,ENSG00000169174,0.09099261344478851,0.0,0.0,0.0,0.0,0.0
GLP1R,ENSG00000112164,0.09031394008138567,0.0,0.0,0.0,0.0,0.0
ALG12,ENSG00000182858,0.09022234144779892,0.14840890081939526,0.0,0.0,0.0,0.0
SMN1,ENSG00000172062,0.09011647888269184,0.0,0.0,0.0,0.6801063317229177,0.0
METTL14,ENSG00000145388,0.08953889519248467,0.0,0.0,0.0,0.0,0.0
CSNK2A2IP,ENSG00000283434,0.08931999180900772,0.14692460418179068,0.0,0.0,0.0,0.0
FGFR3,ENSG00000068078,0.0890700181594093,0.0,0.0,0.0,0.6881079470777771,0.0
OXT,ENSG00000101405,0.08894930992245738,0.0,0.0,0.0,0.0,0.0
CTHRC1,ENSG00000164932,0.08881925286787223,0.0,0.0,0.0,0.701166132819465,0.0
IAPP,ENSG00000121351,0.08863500835750397,0.0,0.0,0.0,0.6729374255221935,0.0
NOTCH1,ENSG00000148400,0.08824946995809552,0.0,0.0,0.0,0.6880463667310374,0.0
PHEX,ENSG00000102174,0.08759315705783736,0.0,0.0,0.0,0.6973220456100852,0.0
MACF1,ENSG00000127603,0.0875444190348409,0.0,0.0,0.0,0.0,0.0
GCK,ENSG00000106633,0.08753293536065669,0.0,0.0,0.0,0.3331460770911684,0.0
ALPL,ENSG00000162551,0.08745385812892485,0.0,0.0,0.0,0.6673594104714771,0.0
NKX3-2,ENSG00000109705,0.08703429080397752,0.0,0.0,0.0,0.715823997944415,0.0
IL18,ENSG00000150782,0.08701835028910353,0.0,0.0,0.0,0.0,0.0
DHFR2,ENSG00000178700,0.0869973212593663,0.14310398749520972,0.0,0.0,0.0,0.0
APOB,ENSG00000084674,0.08695708882403672,0.0,0.0,0.0,0.0,0.0
KDM6B,ENSG00000132510,0.08666872189637562,0.0,0.0,0.0,0.31296277461046246,0.0
SMN2,ENSG00000205571,0.08666450037886597,0.0,0.0,0.0,0.6801063317229177,0.0
TBX6,ENSG00000149922,0.08664425801463177,0.0,0.0,0.0,0.7126161263340435,0.0
WNT3A,ENSG00000154342,0.08625767567525694,0.0,0.0,0.0,0.668527474369318,0.0
MEOX1,ENSG00000005102,0.08585545346467115,0.0,0.0,0.0,0.701569027410411,0.0
INS,ENSG00000254647,0.08579773925761416,0.0,0.0,0.0,0.0,0.0
USP7,ENSG00000187555,0.08578502121359523,0.0,0.0,0.0,0.0,0.0
HIF1A,ENSG00000100644,0.08573418158526028,0.0,0.0,0.0,0.0,0.0
LRG1,ENSG00000171236,0.08565526437671694,0.0,0.0,0.0,0.0,0.0
TLR4,ENSG00000136869,0.08555802711117459,0.0,0.0,0.0,0.0,0.0
RING1,ENSG00000204227,0.08529410272983337,0.0,0.0,0.0,0.7015116117239699,0.0
RARRES2,ENSG00000106538,0.08527205121767933,0.0,0.0,0.0,0.0,0.0
TP53,ENSG00000141510,0.0852182899844695,0.0,0.0,0.0,0.0,0.0
RARG,ENSG00000172819,0.08512291334114343,0.0,0.0,0.0,0.6841454605593964,0.0
ACVR2B,ENSG00000114739,0.08506997308018124,0.0,0.0,0.0,0.6900426594876946,0.0
BTG2,ENSG00000159388,0.08499145789327489,0.0,0.0,0.0,0.6990224728470823,0.0
GPT,ENSG00000167701,0.08498786438058838,0.0,0.0,0.0,0.0,0.0
MGP,ENSG00000111341,0.08485624278000091,0.0,0.0,0.0,0.43547265120582446,0.0
HOXA4,ENSG00000197576,0.0847310580873283,0.0,0.0,0.0,0.6968807833079963,0.0
E2F6,ENSG00000169016,0.08352576578623784,0.0,0.0,0.0,0.6717694417991515,0.0
MTHFR,ENSG00000177000,0.08351198991218282,0.0,0.0,0.0,0.0,0.0
MYF5,ENSG00000111049,0.08320057657854361,0.0,0.0,0.0,0.6812534999812249,0.0
SHBG,ENSG00000129214,0.08303283139082715,0.0,0.0,0.0,0.0,0.0
CCN2,ENSG00000118523,0.08282060428081356,0.0,0.0,0.0,0.6385242395227618,0.0
HIVEP3,ENSG00000127124,0.08260206274642207,0.0,0.0,0.0,0.5480327270802761,0.0
HMGCR,ENSG00000113161,0.08249606410563551,0.0,0.0,0.0,0.0,0.0
HOXB8,ENSG00000120068,0.08235117530496457,0.0,0.0,0.0,0.6773071509824621,0.0
NDRG2,ENSG00000165795,0.0821858334908643,0.0,0.0,0.0,0.6729076233480131,0.0
KAT2A,ENSG00000108773,0.0820839937086845,0.0,0.0,0.0,0.6652308083315065,0.0
TERT,ENSG00000164362,0.08195009329313561,0.0,0.0,0.0,0.5597826784407807,0.0
DLL3,ENSG00000090932,0.08188406290760379,0.0,0.0,0.0,0.6506679239501999,0.0
KLF3,ENSG00000109787,0.08163875264486017,0.0,0.0,0.0,0.0,0.0
PFKFB3,ENSG00000170525,0.08132194058053879,0.0,0.0,0.0,0.6627627781628692,0.0
TMEM64,ENSG00000180694,0.08127061004516592,0.0,0.0,0.0,0.3392253850672846,0.0
ATXN2,ENSG00000204842,0.0811166675973227,0.1328228279598093,0.0,0.0,0.0,0.0
QRFPR,ENSG00000186867,0.08101824860105872,0.0,0.0,0.0,0.6663443349091316,0.0
FSTL1,ENSG00000163430,0.08091817458929576,0.0,0.0,0.0,0.6241693046944915,0.0
BMI1,ENSG00000168283,0.08076340029717013,0.0,0.0,0.0,0.5708166224174316,0.0
GNAI3,ENSG00000065135,0.0807612058121255,0.0,0.0,0.0,0.6642302555604371,0.0
FBN2,ENSG00000138829,0.080731126118397,0.0,0.0,0.0,0.6526263764610254,0.0
FRMPD1,ENSG00000070601,0.0805827808711694,0.0,0.0,0.0,0.6627627781628692,0.0
KRTAP10-4,ENSG00000215454,0.0805827808711694,0.0,0.0,0.0,0.6627627781628692,0.0
RHBDF1,ENSG00000007384,0.0805827808711694,0.0,0.0,0.0,0.6627627781628692,0.0
KRTAP1-4,ENSG00000204887,0.0805827808711694,0.0,0.0,0.0,0.6627627781628692,0.0
KRTAP1-1,ENSG00000188581,0.0805827808711694,0.0,0.0,0.0,0.6627627781628692,0.0
KRTAP10-11,ENSG00000243489,0.0805827808711694,0.0,0.0,0.0,0.6627627781628692,0.0
USP51,ENSG00000247746,0.0805827808711694,0.0,0.0,0.0,0.6627627781628692,0.0
KRTAP1-5,ENSG00000221852,0.0805827808711694,0.0,0.0,0.0,0.6627627781628692,0.0
ACTBL2,ENSG00000169067,0.0805827808711694,0.0,0.0,0.0,0.6627627781628692,0.0
ALDH1L1,ENSG00000144908,0.0805827808711694,0.0,0.0,0.0,0.6627627781628692,0.0
MAVS,ENSG00000088888,0.0805827808711694,0.0,0.0,0.0,0.6627627781628692,0.0
KRTAP1-3,ENSG00000221880,0.0805827808711694,0.0,0.0,0.0,0.6627627781628692,0.0
SPTBN1,ENSG00000115306,0.08046729495950757,0.0,0.0,0.0,0.0,0.0
XCR1,ENSG00000173578,0.08042544605832345,0.0428303691601536,0.0,0.0,0.0,0.0
IFNG,ENSG00000111537,0.08010905929013407,0.0,0.0,0.0,0.0,0.0
SIRT2,ENSG00000068903,0.0801018065718559,0.0,0.0,0.0,0.0,0.0
IL33,ENSG00000137033,0.07995801376604166,0.0,0.0,0.0,0.0,0.0
LASP1,ENSG00000002834,0.0798850962343813,0.0,0.0,0.0,0.6570245869120797,0.0
KMT2A,ENSG00000118058,0.07979562711122637,0.0,0.0,0.0,0.6502094293663544,0.0
TNF,ENSG00000232810,0.07970111619987769,0.0,0.0,0.0,0.0,0.0
TIPE3,ENSG00000183578,0.0796660415931165,0.1310445891310337,0.0,0.0,0.0,0.0
FUNDC1,ENSG00000069509,0.0794630421999956,0.0,0.0,0.0,0.6383550827783265,0.0
RAD51,ENSG00000051180,0.07939088583981123,0.0,0.0,0.0,0.0,0.0
NIBAN2,ENSG00000136830,0.07938780600768885,0.0,0.0,0.0,0.0,0.0
TGFB1,ENSG00000105329,0.07933133496114823,0.0,0.0,0.0,0.0,0.0
PCGF2,ENSG00000277258,0.07904481537032733,0.0,0.0,0.0,0.6440342878547813,0.0
THUMPD3-AS1,ENSG00000206573,0.07865295806329077,0.0,0.0,0.0,0.6468907182552258,0.0
CLCN5,ENSG00000171365,0.07858004858987193,0.0,0.0,0.0,0.6417315845354808,0.0
DRG2,ENSG00000108591,0.07842724661579718,0.1290068654588885,0.0,0.0,0.0,0.0
TUG1,ENSG00000253352,0.07842248232433624,0.0,0.0,0.0,0.0,0.0
TRPV5,ENSG00000127412,0.07841067902373666,0.0,0.0,0.0,0.5911323693771838,0.0
FZD9,ENSG00000188763,0.07816991677186517,0.0,0.0,0.0,0.6398782330393098,0.0
FOXO3,ENSG00000118689,0.07798331621315202,0.0,0.0,0.0,0.0,0.0
IL17RA,ENSG00000177663,0.077765761089906,0.0,0.0,0.0,0.0,0.0
FST,ENSG00000134363,0.07775549289612461,0.0,0.0,0.0,0.5719108978531325,0.0
PCP4,ENSG00000183036,0.07762470477870136,0.0,0.0,0.0,0.0,0.0
RPS6KA3,ENSG00000177189,0.07751289716700259,0.0,0.0,0.0,0.6344744962369976,0.0
CASP3,ENSG00000164305,0.07750654687509796,0.0,0.0,0.0,0.6020563960882331,0.0
NPPB,ENSG00000120937,0.07745288088600127,0.0,0.0,0.0,0.0,0.0
RIPPLY2,ENSG00000203877,0.07735593809548896,0.0,0.0,0.0,0.636223221453802,0.0
HOXD11,ENSG00000128713,0.07734033361273562,0.0,0.0,0.0,0.6360948805076394,0.0
FGF23,ENSG00000118972,0.07724131750757088,0.0,0.0,0.0,0.5347432129132472,0.0
UMOD,ENSG00000169344,0.07703134079714276,0.0,0.0,0.0,0.6335535319133028,0.0
METTL9,ENSG00000197006,0.07684694450673156,0.0,0.0,0.0,0.0,0.0
CREB3,ENSG00000107175,0.07662622320462818,0.0,0.0,0.0,0.0,0.0
CLCN7,ENSG00000103249,0.07661326645259693,0.0,0.0,0.0,0.5994050534169338,0.0
CCL2,ENSG00000108691,0.0765637385686439,0.0,0.0,0.0,0.0,0.0
HDAC8,ENSG00000147099,0.07641427942407357,0.0,0.0,0.0,0.6193594744325546,0.0
CDKN1A,ENSG00000124762,0.07637123713503308,0.0,0.0,0.0,0.0,0.0
LFNG,ENSG00000106003,0.07636977584990529,0.0,0.0,0.0,0.6281124113956668,0.0
SLC5A2,ENSG00000140675,0.07636857897305484,0.012158615952232422,0.0,0.0,0.5310908778385023,0.0
ABL1,ENSG00000097007,0.07624657942232456,0.0,0.0,0.0,0.0,0.0
WWTR1,ENSG00000018408,0.07615551928536461,0.0,0.0,0.0,0.3639073754503164,0.0
YBX1,ENSG00000065978,0.07611770209997673,0.0,0.0,0.0,0.0,0.0
IL27,ENSG00000197272,0.0760796556639778,0.0,0.0,0.0,0.0,0.0
ESPL1,ENSG00000135476,0.07600661775670078,0.12502511479153242,0.0,0.0,0.0,0.0
PTHLH,ENSG00000087494,0.07598536178353836,0.0,0.0,0.0,0.5706950362579093,0.0
SIRT5,ENSG00000124523,0.07590840442723054,0.0,0.0,0.0,0.0,0.0
LARGE1,ENSG00000133424,0.07573984751980936,0.0,0.0,0.0,0.6229314900426878,0.0
GSG1L,ENSG00000169181,0.07567511971470416,0.0,0.0,0.0,0.6193594744325546,0.0
RNF2,ENSG00000121481,0.07554397019682647,0.0,0.0,0.0,0.621320473429017,0.0
CLEC3B,ENSG00000163815,0.07540968951629104,0.0,0.0,0.0,0.6026114031325194,0.0
PTCSC3,ENSG00000259104,0.07537375814153001,0.0,0.0,0.0,0.0,0.0
KDM7A,ENSG00000006459,0.07535810232824129,0.0,0.0,0.0,0.5960761470581944,0.0
NPR3,ENSG00000113389,0.07533073732145937,0.0,0.0,0.0,0.6104477520221164,0.0
PRSS1,ENSG00000204983,0.07530553986001946,0.0,0.0,0.0,0.6193594744325546,0.0
H1-5,ENSG00000184357,0.07530553986001946,0.0,0.0,0.0,0.6193594744325546,0.0
PRR16,ENSG00000184838,0.07530553986001946,0.0,0.0,0.0,0.6193594744325546,0.0
LRRN3,ENSG00000173114,0.07530553986001946,0.0,0.0,0.0,0.6193594744325546,0.0
PRSS3,ENSG00000010438,0.07530553986001946,0.0,0.0,0.0,0.6193594744325546,0.0
ABCC10,ENSG00000124574,0.07530553986001946,0.0,0.0,0.0,0.6193594744325546,0.0
C19orf44,ENSG00000105072,0.07530553986001946,0.0,0.0,0.0,0.6193594744325546,0.0
COG4,ENSG00000103051,0.07530553986001946,0.0,0.0,0.0,0.6193594744325546,0.0
PRSS2,ENSG00000275896,0.07530553986001946,0.0,0.0,0.0,0.6193594744325546,0.0
HLA-DRB5,ENSG00000198502,0.07527417690290664,0.0,0.0,0.0,0.6191015260177346,0.0
HLA-DRB1,ENSG00000196126,0.07527417690290664,0.0,0.0,0.0,0.6191015260177346,0.0
BMPR2,ENSG00000204217,0.07527099440971351,0.0,0.0,0.0,0.5852853754005882,0.0
MCHR1,ENSG00000128285,0.07514795511642475,0.0,0.0,0.0,0.5751282871646591,0.0
HOXD4,ENSG00000170166,0.07503723515162546,0.0,0.0,0.0,0.6125932890899702,0.0
IFNB1,ENSG00000171855,0.07502046720443854,0.0,0.0,0.0,0.5712894574822407,0.0
TRIM33,ENSG00000197323,0.0750041782868453,0.0,0.0,0.0,0.0,0.0
KERA,ENSG00000139330,0.07500253570971338,0.0,0.0,0.0,0.5834311864678727,0.0
PTGER2,ENSG00000125384,0.07483992057365212,0.0,0.0,0.0,0.0,0.0
WNT5B,ENSG00000111186,0.0748335804652423,0.06343286396328329,0.0,0.0,0.5278815098361109,0.0
CTSZ,ENSG00000101160,0.07481938835950296,0.0,0.0,0.0,0.0,0.0
TOB2,ENSG00000183864,0.0748064140533821,0.0,0.0,0.0,0.6068953057066558,0.0
KIAA1217,ENSG00000120549,0.0747678525019886,0.0,0.0,0.0,0.614937200054095,0.0
FNDC5,ENSG00000160097,0.0747285418048552,0.0,0.0,0.0,0.0,0.0
LCAT,ENSG00000213398,0.07472699339583179,0.0,0.0,0.0,0.0,0.0
DLL1,ENSG00000198719,0.07472350291942643,0.0,0.0,0.0,0.5993741716352374,0.0
MIF,ENSG00000240972,0.07470749370911442,0.0,0.0,0.0,0.0,0.0
NFKB1,ENSG00000109320,0.07466210741299584,0.0,0.0,0.0,0.0,0.0
GBA1,ENSG00000177628,0.07453635178745693,0.0,0.0,0.0,0.5208143143138758,0.0
HOXA5,ENSG00000106004,0.0743040297843593,0.0,0.0,0.0,0.5377907818371803,0.0
UBAP2,ENSG00000137073,0.07428555079162505,0.0,0.0,0.0,0.0,0.0
NACC1,ENSG00000160877,0.07417057039238983,0.0,0.0,0.0,0.6100247814700612,0.0
NRARP,ENSG00000198435,0.07407591688516224,0.0,0.0,0.0,0.6092462923097862,0.0
NOTCH2,ENSG00000134250,0.0739587119537929,0.0,0.0,0.0,0.5804929801923747,0.0
NOTUM,ENSG00000185269,0.07393478620547643,0.0,0.0,0.0,0.5693677206831239,0.0
BCR,ENSG00000186716,0.07391597093694036,0.0,0.0,0.0,0.0,0.0
REPIN1,ENSG00000214022,0.07391597093694036,0.0,0.0,0.0,0.0,0.0
PAPPA,ENSG00000182752,0.07371686920082711,0.0,0.0,0.0,0.6017337804420645,0.0
MTF2,ENSG00000143033,0.07358663422198801,0.0,0.0,0.0,0.6006626471868421,0.0
METTL3,ENSG00000165819,0.07337390751066396,0.0,0.0,0.0,0.0,0.0
DKK2,ENSG00000155011,0.0733221608247542,0.0,0.0,0.0,0.5867510121187968,0.0
CALCA,ENSG00000110680,0.073291677635306,0.0,0.0,0.0,0.4683954812898137,0.0
SUZ12,ENSG00000178691,0.07306593727116553,0.0,0.0,0.0,0.6009395934390874,0.0
MMP9,ENSG00000100985,0.0729877190579545,0.0,0.0,0.0,0.0,0.0
ENPP1,ENSG00000197594,0.07291830080169498,0.0,0.0,0.0,0.48849817676482465,0.0
AKR1A1,ENSG00000117448,0.07280908543182392,0.0,0.0,0.0,0.49730981833795124,0.0
FGFR2,ENSG00000066468,0.07275740373412957,0.0,0.0,0.0,0.0,0.0
TM4SF19,ENSG00000145107,0.0726769306537152,0.0,0.0,0.0,0.5764625837865469,0.0
PGAP1,ENSG00000197121,0.07262428934481732,0.0,0.0,0.0,0.597307206923358,0.0
TIMP1,ENSG00000102265,0.07258606205507284,0.0,0.0,0.0,0.0,0.0
CBX2,ENSG00000173894,0.07247460950367002,0.0,0.0,0.0,0.5960761470581944,0.0
L3MBTL2,ENSG00000100395,0.07247460950367002,0.0,0.0,0.0,0.5960761470581944,0.0
KIAA1143,ENSG00000163807,0.07247460950367002,0.0,0.0,0.0,0.5960761470581944,0.0
SUPT5H,ENSG00000196235,0.07247460950367002,0.0,0.0,0.0,0.5960761470581944,0.0
IL31,ENSG00000204671,0.07241829827123561,0.0,0.0,0.0,0.0,0.0
PSEN1,ENSG00000080815,0.07210574827648054,0.0,0.0,0.0,0.5900027495203883,0.0
GSTM1,ENSG00000134184,0.07208887880394975,0.0,0.0,0.0,0.49427475760480843,0.0
ANXA1,ENSG00000135046,0.07206807166351685,0.0,0.0,0.0,0.0,0.0
EPDR1,ENSG00000086289,0.07194972596133622,0.1144847204890613,0.0,0.0,0.0,0.0
PTH,ENSG00000152266,0.07156469120747096,0.0,0.0,0.0,0.3250757957528741,0.0
SATB2,ENSG00000119042,0.07146597636780676,0.0,0.0,0.0,0.34304015082229744,0.0
SF3B1,ENSG00000115524,0.07138989263017043,0.0,0.0,0.0,0.5708166224174316,0.0
SULF1,ENSG00000137573,0.0713011934650461,0.0,0.0,0.0,0.5818657646640228,0.0
HCST,ENSG00000126264,0.0712951364618721,0.0,0.0,0.0,0.586375429094639,0.0
RIPPLY1,ENSG00000147223,0.07127347497594475,0.0,0.0,0.0,0.5831576176089475,0.0
SIRT1,ENSG00000096717,0.07127091465292054,0.0,0.0,0.0,0.0,0.0
CRTAP,ENSG00000170275,0.07112802108349411,0.0,0.0,0.0,0.5585824035157295,0.0
MIR196A2,ENSG00000207924,0.07111825143697716,0.0,0.0,0.0,0.5849206169220211,0.0
MIR196B,ENSG00000283745,0.07111825143697716,0.0,0.0,0.0,0.5849206169220211,0.0
ENPP4,ENSG00000001561,0.0710201423581083,0.0,0.0,0.0,0.5841137069969581,0.0
VPS53,ENSG00000141252,0.07093715730818166,0.0,0.0,0.0,0.5834311864678727,0.0
TTC5,ENSG00000136319,0.07093715730818166,0.0,0.0,0.0,0.5834311864678727,0.0
EPCIP,ENSG00000205929,0.07093715730818166,0.0,0.0,0.0,0.5834311864678727,0.0
PITPNA,ENSG00000174238,0.07093715730818166,0.0,0.0,0.0,0.5834311864678727,0.0
GLDC,ENSG00000178445,0.07093715730818166,0.0,0.0,0.0,0.5834311864678727,0.0
AFF3,ENSG00000144218,0.07093715730818166,0.0,0.0,0.0,0.5834311864678727,0.0
DIAPH1,ENSG00000131504,0.07093715730818166,0.0,0.0,0.0,0.5834311864678727,0.0
HAND2,ENSG00000164107,0.07093715730818166,0.0,0.0,0.0,0.5834311864678727,0.0
SPOPL,ENSG00000144228,0.07093715730818166,0.0,0.0,0.0,0.5834311864678727,0.0
HOXB4,ENSG00000182742,0.07091128671835373,0.0,0.0,0.0,0.5832184106887086,0.0
HOXA9,ENSG00000078399,0.07089465562489293,0.0,0.0,0.0,0.5830816262592461,0.0
STARD5,ENSG00000172345,0.07056572955422354,0.0,0.0,0.0,0.5803763342098743,0.0
IL6ST,ENSG00000134352,0.07043824702693915,0.0,0.0,0.0,0.5604049631600025,0.0
SLIT2,ENSG00000145147,0.07022017239009334,0.0,0.0,0.0,0.0,0.0
TM4SF19-DYNLT2B,ENSG00000273331,0.07008987167092227,0.0,0.0,0.0,0.5764625837865469,0.0
TXNIP,ENSG00000265972,0.07002566667488558,0.0,0.0,0.0,0.3890301156616166,0.0
GHRHR,ENSG00000106128,0.07001410634898216,0.039596338963240704,0.0,0.0,0.5263440190750179,0.0
VRTN,ENSG00000133980,0.0698930942186974,0.0,0.0,0.0,0.5748441639516086,0.0
PPIB,ENSG00000166794,0.06962275869841933,0.0,0.0,0.0,0.5494841835713881,0.0
HOXA6,ENSG00000106006,0.0695863429393091,0.0,0.0,0.0,0.5723212511415204,0.0
SELENOK,ENSG00000113811,0.06954753705456719,0.0,0.0,0.0,0.5720020874727743,0.0
MARCO,ENSG00000019169,0.06953117417338602,0.11292966615316856,0.0,0.0,0.0,0.0
HOXB6,ENSG00000108511,0.06952002388760731,0.0,0.0,0.0,0.5717758021203299,0.0
COMMD3-BMI1,ENSG00000269897,0.06940340091124016,0.0,0.0,0.0,0.5708166224174316,0.0
USP1,ENSG00000162607,0.06938389530779847,0.0,0.0,0.0,0.5129027704616246,0.0
AKT1,ENSG00000142208,0.06938378885966384,0.0,0.0,0.0,0.0,0.0
MTNR1A,ENSG00000168412,0.06935365135635675,0.0,0.0,0.0,0.5522801369195891,0.0
CDX2,ENSG00000165556,0.06929296178997822,0.0,0.0,0.0,0.3114429476164335,0.0
CLCN1,ENSG00000188037,0.06922618942414024,0.0,0.0,0.0,0.5693591252171243,0.0
P3H1,ENSG00000117385,0.06920791164710467,0.0,0.0,0.0,0.5635094462128393,0.0
TMEM178A,ENSG00000152154,0.0691857902395804,0.0,0.0,0.0,0.5690268572622965,0.0
IRS1,ENSG00000169047,0.06917693098259273,0.0,0.0,0.0,0.5340907123593167,0.0
IL10,ENSG00000136634,0.06916690035056913,0.0,0.0,0.0,0.0,0.0
MEF2C,ENSG00000081189,0.0691105884995275,0.0,0.0,0.0,0.5056160443735852,0.0
GLMN,ENSG00000174842,0.06905969164638338,0.0,0.0,0.0,0.5679897442085377,0.0
DLG3,ENSG00000082458,0.06905969164638338,0.0,0.0,0.0,0.5679897442085377,0.0
SAPCD1,ENSG00000228727,0.06905969164638338,0.0,0.0,0.0,0.5679897442085377,0.0
TTC39B,ENSG00000155158,0.06905969164638338,0.0,0.0,0.0,0.5679897442085377,0.0
GPSM3,ENSG00000213654,0.06905969164638338,0.0,0.0,0.0,0.5679897442085377,0.0
GABRB1,ENSG00000163288,0.06905969164638338,0.0,0.0,0.0,0.5679897442085377,0.0
STPG4,ENSG00000239605,0.06905969164638338,0.0,0.0,0.0,0.5679897442085377,0.0
CNNM2,ENSG00000148842,0.06905969164638338,0.0,0.0,0.0,0.5679897442085377,0.0
ARRDC2,ENSG00000105643,0.06905969164638338,0.0,0.0,0.0,0.5679897442085377,0.0
YY2,ENSG00000230797,0.06874185297135454,0.0,0.0,0.0,0.0,0.0
HOXD9,ENSG00000128709,0.06854597564837164,0.0,0.0,0.0,0.5637646251651368,0.0
CD68,ENSG00000129226,0.06842992757400065,0.0,0.0,0.0,0.5544511253457268,0.0
ATP6V1H,ENSG00000047249,0.06826351904852161,0.0,0.0,0.0,0.5241618852509242,0.0
SLC13A4,ENSG00000164707,0.06814867730458558,0.0,0.0,0.0,0.5604969971279743,0.0
HOXD8,ENSG00000175879,0.06809324032638288,0.0,0.0,0.0,0.5600410490297656,0.0
PKD1,ENSG00000008710,0.06802496029691539,0.0,0.0,0.0,0.5338426090460249,0.0
SOSTDC1,ENSG00000171243,0.06789926223320879,0.0,0.0,0.0,0.5508465178900549,0.0
OSTF1,ENSG00000134996,0.0677162688746045,0.0,0.0,0.0,0.5409824185246414,0.0
BMP6,ENSG00000153162,0.06771483139523957,0.0,0.0,0.0,0.5271367946090366,0.0
BGN,ENSG00000182492,0.06740665767382391,0.0,0.0,0.0,0.515677788796089,0.0
SLC12A1,ENSG00000074803,0.06720415347791749,0.0,0.0,0.0,0.5481691662746613,0.0
CPZ,ENSG00000109625,0.06699507972731682,0.11020181900722996,0.0,0.0,0.0,0.0
CBS,ENSG00000160200,0.06697636212266428,0.0,0.0,0.0,0.503616627528107,0.0
GSK3B,ENSG00000082701,0.06695748146069104,0.0,0.0,0.0,0.512612314636099,0.0
ERBB2,ENSG00000141736,0.06681204424177475,0.0,0.0,0.0,0.0,0.0
