target,herbs,max_pchembl,pharmacology_evidence,ot_genetic_association,ot_overall_score_context_only,gwas_catalog_bone_gene,human_genetics_evidence,curated_marker_overlap,gse224152_max_pct_detected,expression_context,gse246769_paired_delta_d9_vs_d0,gse246769_paired_fdr_d9_vs_d0,n_independent_axes,preliminary_priority_tier,causal_status,direction
AHR,骨碎补,7.55,True,0.0,0.0,False,False,False,0.0425531914893617,True,-2.796628427438935,0.0061023053304886,2,prelim_2_genetics_or_multi_omics,NOT_established_requires_finemap_coloc_MR,not_inferred_requires_MoA_and_MR
CYP1B1,骨碎补,7.37,True,0.0,0.0,False,False,False,0.081967213114754,True,0.4786094977508931,0.7457086706752666,2,prelim_2_genetics_or_multi_omics,NOT_established_requires_finemap_coloc_MR,not_inferred_requires_MoA_and_MR
L3MBTL1,杜仲,7.2,True,0.0,0.0,False,False,False,0.0192307692307692,True,-0.0234171997879859,0.9812505097847428,2,prelim_2_genetics_or_multi_omics,NOT_established_requires_finemap_coloc_MR,not_inferred_requires_MoA_and_MR
FUNDC1,牛膝,7.14,True,0.0,0.0794630421999956,False,False,False,0.1393442622950819,True,1.4151481782582822,0.0102398663195818,2,prelim_2_genetics_or_multi_omics,NOT_established_requires_finemap_coloc_MR,not_inferred_requires_MoA_and_MR
CES1,牛膝,7.0,True,0.0,0.0,False,False,False,0.0163934426229508,True,-4.290111606087074,0.0102398663195818,2,prelim_2_genetics_or_multi_omics,NOT_established_requires_finemap_coloc_MR,not_inferred_requires_MoA_and_MR
PTPN1,杜仲;牛膝,7.0,True,0.0,0.0,False,False,False,0.0606060606060606,True,0.3130878379248815,0.3160542578605642,2,prelim_2_genetics_or_multi_omics,NOT_established_requires_finemap_coloc_MR,not_inferred_requires_MoA_and_MR
CISD1,骨碎补,6.88,True,0.0,0.0,False,False,False,0.1969696969696969,True,3.138247400336569,0.0011639219485124,2,prelim_2_genetics_or_multi_omics,NOT_established_requires_finemap_coloc_MR,not_inferred_requires_MoA_and_MR
AKR1B1,杜仲;骨碎补,6.52,True,0.0,0.0,False,False,False,0.1101694915254237,True,1.4388096559173325,0.0061023053304886,2,prelim_2_genetics_or_multi_omics,NOT_established_requires_finemap_coloc_MR,not_inferred_requires_MoA_and_MR
PKM,骨碎补,6.19,True,0.0,0.0,False,False,False,0.2033898305084746,True,1.838126354146772,0.0056780326688642,2,prelim_2_genetics_or_multi_omics,NOT_established_requires_finemap_coloc_MR,not_inferred_requires_MoA_and_MR
PTPN2,牛膝,6.16,True,0.0,0.0,False,False,False,0.1147540983606557,True,-1.2844852158188809,0.0141779936491805,2,prelim_2_genetics_or_multi_omics,NOT_established_requires_finemap_coloc_MR,not_inferred_requires_MoA_and_MR
CDC25B,牛膝,6.01,True,0.0,0.0,False,False,False,0.0851063829787234,True,0.4398200783273321,0.1904691935435513,2,prelim_2_genetics_or_multi_omics,NOT_established_requires_finemap_coloc_MR,not_inferred_requires_MoA_and_MR
PTPRC,牛膝,6.0,True,0.0,0.0,False,False,False,0.2796610169491525,True,-0.7344769803152452,0.0592870204245882,2,prelim_2_genetics_or_multi_omics,NOT_established_requires_finemap_coloc_MR,not_inferred_requires_MoA_and_MR
FTO,骨碎补,5.55,False,0.0,0.0,True,True,False,0.0576923076923076,True,2.472146115987655,0.001407550708246,2,prelim_2_genetics_or_multi_omics,NOT_established_requires_finemap_coloc_MR,not_inferred_requires_MoA_and_MR
LMNA,骨碎补,5.45,False,0.0,0.0,True,True,False,0.5819672131147541,True,-0.3539206049418378,0.5051742003135843,2,prelim_2_genetics_or_multi_omics,NOT_established_requires_finemap_coloc_MR,not_inferred_requires_MoA_and_MR
CYP2C9,骨碎补,8.9,True,0.0,0.0,False,False,False,,False,,,1,prelim_3_pharmacology_or_expression_only,NOT_established_requires_finemap_coloc_MR,not_inferred_requires_MoA_and_MR
CA7,骨碎补,8.37,True,0.0,0.0,False,False,False,,False,,,1,prelim_3_pharmacology_or_expression_only,NOT_established_requires_finemap_coloc_MR,not_inferred_requires_MoA_and_MR
F3,牛膝,8.3,True,0.0,0.0,False,False,False,0.0022042615723732,False,3.461274861944635,0.0104426085257608,1,prelim_3_pharmacology_or_expression_only,NOT_established_requires_finemap_coloc_MR,not_inferred_requires_MoA_and_MR
CA12,骨碎补,7.51,True,0.0,0.0,False,False,False,,False,,,1,prelim_3_pharmacology_or_expression_only,NOT_established_requires_finemap_coloc_MR,not_inferred_requires_MoA_and_MR
AKR1B10,杜仲;牛膝,7.14,True,0.0,0.0,False,False,False,,False,,,1,prelim_3_pharmacology_or_expression_only,NOT_established_requires_finemap_coloc_MR,not_inferred_requires_MoA_and_MR
CA4,骨碎补,7.14,True,0.0,0.0,False,False,False,,False,-0.6346932888307268,0.0218573663402307,1,prelim_3_pharmacology_or_expression_only,NOT_established_requires_finemap_coloc_MR,not_inferred_requires_MoA_and_MR
CYP1A2,骨碎补,7.1,True,0.0,0.0,False,False,False,,False,,,1,prelim_3_pharmacology_or_expression_only,NOT_established_requires_finemap_coloc_MR,not_inferred_requires_MoA_and_MR
HSD17B2,骨碎补,6.44,True,0.0,0.0,False,False,False,,False,,,1,prelim_3_pharmacology_or_expression_only,NOT_established_requires_finemap_coloc_MR,not_inferred_requires_MoA_and_MR
DPP4,骨碎补,6.31,True,0.0,0.2697023872895011,False,False,False,,False,9.07914257401653,0.0002477373481084,1,prelim_3_pharmacology_or_expression_only,NOT_established_requires_finemap_coloc_MR,not_inferred_requires_MoA_and_MR
CYP1A1,骨碎补,6.2,True,0.0,0.0,False,False,False,,False,,,1,prelim_3_pharmacology_or_expression_only,NOT_established_requires_finemap_coloc_MR,not_inferred_requires_MoA_and_MR
TYR,骨碎补,6.0,True,0.0,0.0,False,False,False,,False,,,1,prelim_3_pharmacology_or_expression_only,NOT_established_requires_finemap_coloc_MR,not_inferred_requires_MoA_and_MR
HSD17B1,骨碎补,5.98,False,0.0,0.0,False,False,False,0.0384615384615384,True,0.5150416525091053,0.3075580412391633,1,prelim_3_pharmacology_or_expression_only,NOT_established_requires_finemap_coloc_MR,not_inferred_requires_MoA_and_MR
HIF1A,骨碎补,5.8,False,0.0,0.0857341815852602,False,False,False,0.1276595744680851,True,-2.178164644937408,0.0670346916205676,1,prelim_3_pharmacology_or_expression_only,NOT_established_requires_finemap_coloc_MR,not_inferred_requires_MoA_and_MR
HDAC6,骨碎补,5.77,False,0.0,0.0,False,False,False,0.0576923076923076,True,-0.1296650179722409,0.3620189271925884,1,prelim_3_pharmacology_or_expression_only,NOT_established_requires_finemap_coloc_MR,not_inferred_requires_MoA_and_MR
RPS6KA3,骨碎补,5.77,False,0.0,0.0775128971670025,False,False,False,0.0606060606060606,True,0.5540790745280477,0.0914032139499974,1,prelim_3_pharmacology_or_expression_only,NOT_established_requires_finemap_coloc_MR,not_inferred_requires_MoA_and_MR
TDP1,骨碎补,5.7,False,0.0,0.0,False,False,False,0.0303030303030303,True,0.5781789076617856,0.122639731938232,1,prelim_3_pharmacology_or_expression_only,NOT_established_requires_finemap_coloc_MR,not_inferred_requires_MoA_and_MR
GPBAR1,牛膝,5.65,False,0.0,0.0,True,True,False,,False,-2.362010907931194,0.0141779936491805,1,prelim_2_genetics_or_multi_omics,NOT_established_requires_finemap_coloc_MR,not_inferred_requires_MoA_and_MR
MPO,骨碎补,5.65,False,0.0,0.0,False,False,False,0.059322033898305,True,-1.295643313184884,0.0519608414381901,1,prelim_3_pharmacology_or_expression_only,NOT_established_requires_finemap_coloc_MR,not_inferred_requires_MoA_and_MR
ABCC1,骨碎补,5.62,False,0.0,0.0,False,False,False,0.0163934426229508,True,,,1,prelim_3_pharmacology_or_expression_only,NOT_established_requires_finemap_coloc_MR,not_inferred_requires_MoA_and_MR
RELA,牛膝,5.62,False,0.0,0.0,False,False,False,0.0677966101694915,True,-1.6173797466034765,0.0011639219485124,1,prelim_3_pharmacology_or_expression_only,NOT_established_requires_finemap_coloc_MR,not_inferred_requires_MoA_and_MR
IP6K2,骨碎补,5.6,False,0.0,0.0,False,False,False,0.25,True,-0.8785361894253215,0.0102398663195818,1,prelim_3_pharmacology_or_expression_only,NOT_established_requires_finemap_coloc_MR,not_inferred_requires_MoA_and_MR
ALOX5,骨碎补,5.57,False,0.0,0.0,False,False,False,0.0169491525423728,True,-2.736817047264051,0.0039689853282222,1,prelim_3_pharmacology_or_expression_only,NOT_established_requires_finemap_coloc_MR,not_inferred_requires_MoA_and_MR
PLA2G1B,牛膝,5.52,False,0.0,0.0,False,False,False,0.0384615384615384,True,,,1,prelim_3_pharmacology_or_expression_only,NOT_established_requires_finemap_coloc_MR,not_inferred_requires_MoA_and_MR
POLB,牛膝,5.52,False,0.0,0.0,False,False,False,0.0769230769230769,True,-0.1377185797452948,0.7457086706752666,1,prelim_3_pharmacology_or_expression_only,NOT_established_requires_finemap_coloc_MR,not_inferred_requires_MoA_and_MR
SLC2A1,骨碎补,5.4,False,0.0,0.0,False,False,False,0.1639344262295081,True,1.352202858192483,0.0695347442702832,1,prelim_3_pharmacology_or_expression_only,NOT_established_requires_finemap_coloc_MR,not_inferred_requires_MoA_and_MR
TP53,骨碎补,5.4,False,0.0,0.0852182899844695,False,False,False,0.1967213114754098,True,0.9174943806155096,0.199749357270015,1,prelim_3_pharmacology_or_expression_only,NOT_established_requires_finemap_coloc_MR,not_inferred_requires_MoA_and_MR
IPMK,骨碎补,5.36,False,0.0,0.0,False,False,False,0.0212765957446808,True,-1.4097550549444011,0.0337396816853117,1,prelim_3_pharmacology_or_expression_only,NOT_established_requires_finemap_coloc_MR,not_inferred_requires_MoA_and_MR
ABCG2,骨碎补,5.33,False,0.0,0.0,False,False,False,0.0151515151515151,True,1.7354886357880237,0.0143888953622273,1,prelim_3_pharmacology_or_expression_only,NOT_established_requires_finemap_coloc_MR,not_inferred_requires_MoA_and_MR
DUSP3,牛膝,5.27,False,0.0,0.0,False,False,False,0.0423728813559322,True,0.4819610298168147,0.1926120235771173,1,prelim_3_pharmacology_or_expression_only,NOT_established_requires_finemap_coloc_MR,not_inferred_requires_MoA_and_MR
ABCB1,骨碎补,5.17,False,0.0,0.0,False,False,False,0.0212765957446808,True,0.0015788344948444,0.9980946530014314,1,prelim_3_pharmacology_or_expression_only,NOT_established_requires_finemap_coloc_MR,not_inferred_requires_MoA_and_MR
YES1,骨碎补,5.17,False,0.0,0.0,False,False,False,0.0576923076923076,True,,,1,prelim_3_pharmacology_or_expression_only,NOT_established_requires_finemap_coloc_MR,not_inferred_requires_MoA_and_MR
CA2,骨碎补,5.02,False,0.0,0.0,False,False,False,0.6147540983606558,True,5.374828927345986,0.0051646469734008,1,prelim_3_pharmacology_or_expression_only,NOT_established_requires_finemap_coloc_MR,not_inferred_requires_MoA_and_MR
ESRRA,骨碎补,5.02,False,0.0,0.0,False,False,False,0.0454545454545454,True,0.6281804494823799,0.0051646469734008,1,prelim_3_pharmacology_or_expression_only,NOT_established_requires_finemap_coloc_MR,not_inferred_requires_MoA_and_MR
CTDSP1,骨碎补,5.0,False,0.0,0.0,False,False,False,0.0961538461538461,True,-1.519058348241259,0.0012940537692126,1,prelim_3_pharmacology_or_expression_only,NOT_established_requires_finemap_coloc_MR,not_inferred_requires_MoA_and_MR
DAPK1,骨碎补,5.0,False,0.0,0.0,False,False,False,0.0151515151515151,True,0.6791917880483129,0.3112487599957483,1,prelim_3_pharmacology_or_expression_only,NOT_established_requires_finemap_coloc_MR,not_inferred_requires_MoA_and_MR
XDH,骨碎补,5.97,False,0.0,0.0,False,False,False,,False,,,0,prelim_3_pharmacology_or_expression_only,NOT_established_requires_finemap_coloc_MR,not_inferred_requires_MoA_and_MR
NOX4,骨碎补,5.92,False,0.0,0.0,False,False,False,,False,,,0,prelim_3_pharmacology_or_expression_only,NOT_established_requires_finemap_coloc_MR,not_inferred_requires_MoA_and_MR
FLT3,骨碎补,5.63,False,0.0,0.0,False,False,False,,False,-1.996309698076029,0.0042384388299979,0,prelim_3_pharmacology_or_expression_only,NOT_established_requires_finemap_coloc_MR,not_inferred_requires_MoA_and_MR
TRPC5,骨碎补,5.41,False,0.0,0.0,False,False,False,,False,,,0,prelim_3_pharmacology_or_expression_only,NOT_established_requires_finemap_coloc_MR,not_inferred_requires_MoA_and_MR
CYP2C19,骨碎补,5.2,False,0.0,0.0,False,False,False,,False,,,0,prelim_3_pharmacology_or_expression_only,NOT_established_requires_finemap_coloc_MR,not_inferred_requires_MoA_and_MR
ALOX15,骨碎补,5.1,False,0.0,0.0,False,False,False,,False,,,0,prelim_3_pharmacology_or_expression_only,NOT_established_requires_finemap_coloc_MR,not_inferred_requires_MoA_and_MR
CYP3A4,骨碎补,5.1,False,0.0,0.0,False,False,False,,False,,,0,prelim_3_pharmacology_or_expression_only,NOT_established_requires_finemap_coloc_MR,not_inferred_requires_MoA_and_MR
AR,骨碎补,5.01,False,0.0,0.4893552325317156,False,False,False,,False,0.0005182096954614,0.9980946530014314,0,prelim_3_pharmacology_or_expression_only,NOT_established_requires_finemap_coloc_MR,not_inferred_requires_MoA_and_MR
CYP2D6,骨碎补,5.0,False,0.0,0.0,False,False,False,,False,-0.1457782212704449,0.6388657871400905,0,prelim_3_pharmacology_or_expression_only,NOT_established_requires_finemap_coloc_MR,not_inferred_requires_MoA_and_MR
